/*
 Navicat Premium Data Transfer

 Source Server         : 本地MySQL
 Source Server Type    : MySQL
 Source Server Version : 80012
 Source Host           : localhost:3306
 Source Schema         : guigu-auth

 Target Server Type    : MySQL
 Target Server Version : 80012
 File Encoding         : 65001

 Date: 09/03/2023 13:56:36
*/

SET NAMES utf8mb4;
SET FOREIGN_KEY_CHECKS = 0;

-- ----------------------------
-- Table structure for sys_dept
-- ----------------------------
DROP TABLE IF EXISTS `sys_dept`;
CREATE TABLE `sys_dept`  (
  `id` bigint(20) NOT NULL AUTO_INCREMENT,
  `name` varchar(50) CHARACTER SET utf8mb4 COLLATE utf8mb4_0900_ai_ci NOT NULL DEFAULT '' COMMENT '部门名称',
  `parent_id` bigint(20) NULL DEFAULT 0 COMMENT '上级部门id',
  `tree_path` varchar(255) CHARACTER SET utf8mb4 COLLATE utf8mb4_0900_ai_ci NULL DEFAULT ',' COMMENT '树结构',
  `sort_value` int(11) NULL DEFAULT 1 COMMENT '排序',
  `leader` varchar(20) CHARACTER SET utf8mb4 COLLATE utf8mb4_0900_ai_ci NULL DEFAULT NULL COMMENT '负责人',
  `phone` varchar(11) CHARACTER SET utf8mb4 COLLATE utf8mb4_0900_ai_ci NULL DEFAULT NULL COMMENT '电话',
  `status` tinyint(1) NULL DEFAULT 1 COMMENT '状态（1正常 0停用）',
  `create_time` timestamp(0) NOT NULL DEFAULT CURRENT_TIMESTAMP(0) ON UPDATE CURRENT_TIMESTAMP(0),
  `update_time` timestamp(0) NULL DEFAULT NULL ON UPDATE CURRENT_TIMESTAMP(0),
  `is_deleted` tinyint(3) NOT NULL DEFAULT 0 COMMENT '删除标记（0:可用 1:已删除）',
  PRIMARY KEY (`id`) USING BTREE
) ENGINE = InnoDB AUTO_INCREMENT = 2018 CHARACTER SET = utf8mb4 COLLATE = utf8mb4_0900_ai_ci COMMENT = '组织机构' ROW_FORMAT = Compact;

-- ----------------------------
-- Records of sys_dept
-- ----------------------------
INSERT INTO `sys_dept` VALUES (1, '硅谷集团有限公司', 0, ',1,', 1, '张老师', '15659090912', 1, '2022-05-24 16:13:13', '2022-05-24 16:13:13', 0);
INSERT INTO `sys_dept` VALUES (10, '北京校区', 1, ',1,10,', 1, '李老师', '18790007789', 1, '2022-05-24 16:13:15', '2022-05-24 16:13:15', 0);
INSERT INTO `sys_dept` VALUES (20, '上海校区', 1, ',1,20,', 1, '王老师', '15090987678', 1, '2022-05-25 14:02:25', '2022-05-25 14:02:25', 0);
INSERT INTO `sys_dept` VALUES (30, '深圳校区', 1, ',1,30,', 1, '李老师', '15090987678', 1, '2022-05-25 14:02:24', '2022-05-25 14:02:24', 0);
INSERT INTO `sys_dept` VALUES (1010, '教学部分', 10, ',1,10,1010,', 1, '李老师', '15090987678', 1, '2022-05-25 14:02:24', '2022-05-25 14:02:24', 0);
INSERT INTO `sys_dept` VALUES (1020, '运营部门', 10, ',1,10,1020,', 1, '王老师', '15090987678', 1, '2022-05-25 14:02:29', '2022-05-25 14:02:29', 0);
INSERT INTO `sys_dept` VALUES (1021, 'Java学科', 1010, ',1,10,1010,1021,', 1, '王老师', '15090987678', 1, '2022-05-24 16:13:31', '2022-05-24 16:13:31', 0);
INSERT INTO `sys_dept` VALUES (1022, '大数据学科', 1010, ',1,10,1010,1022,', 1, '王老师', '15090987678', 1, '2022-05-25 14:02:22', '2022-05-25 14:02:22', 0);
INSERT INTO `sys_dept` VALUES (1024, '前端学科', 1010, ',1,10,1010,1024,', 1, '李老师', '15090987678', 1, '2022-05-25 14:02:22', '2022-05-25 14:02:22', 0);
INSERT INTO `sys_dept` VALUES (1025, '客服', 1020, ',1,10,1020,1025,', 1, '李老师', '15090987678', 1, '2022-05-25 14:02:23', '2022-05-25 14:02:23', 0);
INSERT INTO `sys_dept` VALUES (1026, '网站推广', 1020, ',1,10,1020,1026,', 1, '30.607366', '15090987678', 1, '2022-05-25 14:02:26', '2022-05-25 14:02:26', 0);
INSERT INTO `sys_dept` VALUES (1027, '线下运营', 1020, ',1,10,1020,1027,', 1, '李老师', '15090987678', 1, '2022-05-25 14:02:26', '2022-05-25 14:02:26', 0);
INSERT INTO `sys_dept` VALUES (1028, '设计', 1020, ',1,10,1020,1028,', 1, '李老师', '15090987678', 1, '2022-05-25 14:02:27', '2022-05-25 14:02:27', 0);
INSERT INTO `sys_dept` VALUES (2012, '教学部门', 20, ',1,20,2012,', 1, '王老师', '18909890765', 1, '2022-05-24 16:13:51', '2022-05-24 16:13:51', 0);
INSERT INTO `sys_dept` VALUES (2013, '教学部门', 30, ',1,30,2013,', 1, '李老师', '18567867895', 1, '2022-05-24 16:13:50', '2022-05-24 16:13:50', 0);
INSERT INTO `sys_dept` VALUES (2016, 'Java学科', 2012, ',1,20,2012,2012,', 1, '张老师', '15090909909', 1, '2022-05-25 10:51:12', '2022-05-25 10:51:12', 0);
INSERT INTO `sys_dept` VALUES (2017, '大数据学科', 2012, ',1,20,2012,2012,', 1, '李老师', '15090980989', 1, '2022-05-27 09:11:54', NULL, 0);

-- ----------------------------
-- Table structure for sys_login_log
-- ----------------------------
DROP TABLE IF EXISTS `sys_login_log`;
CREATE TABLE `sys_login_log`  (
  `id` bigint(20) NOT NULL AUTO_INCREMENT COMMENT '访问ID',
  `username` varchar(50) CHARACTER SET utf8 COLLATE utf8_general_ci NULL DEFAULT '' COMMENT '用户账号',
  `ipaddr` varchar(128) CHARACTER SET utf8 COLLATE utf8_general_ci NULL DEFAULT '' COMMENT '登录IP地址',
  `status` tinyint(1) NULL DEFAULT 0 COMMENT '登录状态（0成功 1失败）',
  `msg` varchar(255) CHARACTER SET utf8 COLLATE utf8_general_ci NULL DEFAULT '' COMMENT '提示信息',
  `access_time` datetime(0) NULL DEFAULT NULL COMMENT '访问时间',
  `create_time` timestamp(0) NOT NULL DEFAULT CURRENT_TIMESTAMP(0) ON UPDATE CURRENT_TIMESTAMP(0),
  `update_time` timestamp(0) NULL DEFAULT NULL ON UPDATE CURRENT_TIMESTAMP(0),
  `is_deleted` tinyint(3) NOT NULL DEFAULT 0 COMMENT '删除标记（0:可用 1:已删除）',
  PRIMARY KEY (`id`) USING BTREE
) ENGINE = InnoDB AUTO_INCREMENT = 1632911240146870274 CHARACTER SET = utf8 COLLATE = utf8_general_ci COMMENT = '系统访问记录' ROW_FORMAT = Dynamic;

-- ----------------------------
-- Records of sys_login_log
-- ----------------------------
INSERT INTO `sys_login_log` VALUES (2, 'admin', '127.0.0.1', 1, '登录成功', NULL, '2022-06-10 11:53:43', NULL, 0);
INSERT INTO `sys_login_log` VALUES (1632911240146870273, 'admin', '127.0.0.1', 1, '登录成功', NULL, '2023-03-07 09:09:12', NULL, 0);
INSERT INTO `sys_login_log` VALUES (1633501323044511746, 'admin', '127.0.0.1', 1, '登录成功', NULL, '2023-03-09 00:13:59', NULL, 0);
INSERT INTO `sys_login_log` VALUES (1633501391801737217, 'admin', '127.0.0.1', 1, '登录成功', NULL, '2023-03-09 00:14:15', NULL, 0);
INSERT INTO `sys_login_log` VALUES (1633510670222938113, 'admin', '127.0.0.1', 1, '登录成功', NULL, '2023-03-09 00:51:07', NULL, 0);
INSERT INTO `sys_login_log` VALUES (1633513934599397377, 'admin', '0:0:0:0:0:0:0:1', 1, '登录成功', NULL, '2023-03-09 01:04:05', NULL, 0);
INSERT INTO `sys_login_log` VALUES (1633516501647749121, 'admin', '0:0:0:0:0:0:0:1', 1, '登录成功', NULL, '2023-03-09 01:14:17', NULL, 0);
INSERT INTO `sys_login_log` VALUES (1633519202250964993, 'admin', '0:0:0:0:0:0:0:1', 1, '登录成功', NULL, '2023-03-09 01:25:01', NULL, 0);
INSERT INTO `sys_login_log` VALUES (1633684380129083393, 'wangwu', '127.0.0.1', 1, '登录成功', NULL, '2023-03-09 12:21:23', NULL, 0);
INSERT INTO `sys_login_log` VALUES (1633684446873042945, 'admin', '127.0.0.1', 1, '登录成功', NULL, '2023-03-09 12:21:39', NULL, 0);
INSERT INTO `sys_login_log` VALUES (1633684463948054530, 'admin', '127.0.0.1', 1, '登录成功', NULL, '2023-03-09 12:21:43', NULL, 0);
INSERT INTO `sys_login_log` VALUES (1633684484651139074, 'admin', '127.0.0.1', 1, '登录成功', NULL, '2023-03-09 12:21:48', NULL, 0);
INSERT INTO `sys_login_log` VALUES (1633684565253079041, 'admin', '127.0.0.1', 1, '登录成功', NULL, '2023-03-09 12:22:07', NULL, 0);
INSERT INTO `sys_login_log` VALUES (1633684633251135490, 'wangwu', '127.0.0.1', 1, '登录成功', NULL, '2023-03-09 12:22:23', NULL, 0);
INSERT INTO `sys_login_log` VALUES (1633684733331423234, 'admin', '127.0.0.1', 1, '登录成功', NULL, '2023-03-09 12:22:47', NULL, 0);

-- ----------------------------
-- Table structure for sys_menu
-- ----------------------------
DROP TABLE IF EXISTS `sys_menu`;
CREATE TABLE `sys_menu`  (
  `id` bigint(20) NOT NULL AUTO_INCREMENT COMMENT '编号',
  `parent_id` bigint(20) NOT NULL DEFAULT 0 COMMENT '所属上级',
  `name` varchar(20) CHARACTER SET utf8mb4 COLLATE utf8mb4_0900_ai_ci NOT NULL DEFAULT '' COMMENT '名称',
  `type` tinyint(3) NOT NULL DEFAULT 0 COMMENT '类型(0:目录,1:菜单,2:按钮)',
  `path` varchar(100) CHARACTER SET utf8mb4 COLLATE utf8mb4_0900_ai_ci NULL DEFAULT NULL COMMENT '路由地址',
  `component` varchar(100) CHARACTER SET utf8mb4 COLLATE utf8mb4_0900_ai_ci NULL DEFAULT NULL COMMENT '组件路径',
  `perms` varchar(100) CHARACTER SET utf8mb4 COLLATE utf8mb4_0900_ai_ci NULL DEFAULT NULL COMMENT '权限标识',
  `icon` varchar(100) CHARACTER SET utf8mb4 COLLATE utf8mb4_0900_ai_ci NULL DEFAULT NULL COMMENT '图标',
  `sort_value` int(11) NULL DEFAULT NULL COMMENT '排序',
  `status` tinyint(4) NULL DEFAULT NULL COMMENT '状态(0:禁止,1:正常)',
  `create_time` timestamp(0) NOT NULL DEFAULT CURRENT_TIMESTAMP(0) COMMENT '创建时间',
  `update_time` timestamp(0) NOT NULL DEFAULT CURRENT_TIMESTAMP(0) ON UPDATE CURRENT_TIMESTAMP(0) COMMENT '更新时间',
  `is_deleted` tinyint(3) NOT NULL DEFAULT 0 COMMENT '删除标记（0:可用 1:已删除）',
  PRIMARY KEY (`id`) USING BTREE,
  INDEX `idx_parent_id`(`parent_id`) USING BTREE
) ENGINE = InnoDB AUTO_INCREMENT = 1633129528030371842 CHARACTER SET = utf8mb4 COLLATE = utf8mb4_0900_ai_ci COMMENT = '菜单表' ROW_FORMAT = Dynamic;

-- ----------------------------
-- Records of sys_menu
-- ----------------------------
INSERT INTO `sys_menu` VALUES (2, 0, '系统管理', 0, 'system', 'Layout', NULL, 'el-icon-s-tools', 1, 1, '2021-05-31 18:05:37', '2022-06-09 09:23:24', 0);
INSERT INTO `sys_menu` VALUES (3, 2, '用户管理', 1, 'sysUser', 'system/sysUser/list', '', 'el-icon-s-custom', 1, 1, '2021-05-31 18:05:37', '2022-06-09 09:22:47', 0);
INSERT INTO `sys_menu` VALUES (4, 2, '角色管理', 1, 'sysRole', 'system/sysRole/list', '', 'el-icon-user-solid', 2, 1, '2021-05-31 18:05:37', '2022-06-09 09:37:18', 0);
INSERT INTO `sys_menu` VALUES (5, 2, '菜单管理', 1, 'sysMenu', 'system/sysMenu/list', '', 'el-icon-s-unfold', 3, 1, '2021-05-31 18:05:37', '2022-06-09 09:37:21', 0);
INSERT INTO `sys_menu` VALUES (6, 3, '查看', 2, NULL, NULL, 'bnt.sysUser.list', NULL, 1, 1, '2021-05-31 18:05:37', '2022-06-09 09:22:38', 0);
INSERT INTO `sys_menu` VALUES (7, 3, '添加', 2, NULL, NULL, 'bnt.sysUser.add', NULL, 1, 1, '2021-05-31 18:05:37', '2022-06-09 09:22:38', 0);
INSERT INTO `sys_menu` VALUES (8, 3, '修改', 2, NULL, NULL, 'bnt.sysUser.update', NULL, 1, 1, '2021-05-31 18:05:37', '2022-06-09 09:22:38', 0);
INSERT INTO `sys_menu` VALUES (9, 3, '删除', 2, NULL, NULL, 'bnt.sysUser.remove', NULL, 1, 1, '2021-05-31 18:05:37', '2022-06-09 09:22:38', 0);
INSERT INTO `sys_menu` VALUES (10, 4, '查看', 2, NULL, NULL, 'bnt.sysRole.list', NULL, 1, 1, '2021-05-31 18:05:37', '2022-06-09 09:22:38', 0);
INSERT INTO `sys_menu` VALUES (11, 4, '添加', 2, NULL, NULL, 'bnt.sysRole.add', NULL, 1, 1, '2021-05-31 18:05:37', '2022-06-09 09:22:38', 0);
INSERT INTO `sys_menu` VALUES (12, 4, '修改', 2, NULL, NULL, 'bnt.sysRole.update', NULL, 1, 1, '2021-05-31 18:05:37', '2022-06-09 09:22:38', 0);
INSERT INTO `sys_menu` VALUES (13, 4, '删除', 2, NULL, NULL, 'bnt.sysRole.remove', NULL, 1, 1, '2021-05-31 18:05:37', '2022-06-09 09:22:38', 0);
INSERT INTO `sys_menu` VALUES (14, 5, '查看', 2, NULL, NULL, 'bnt.sysMenu.list', NULL, 1, 1, '2021-05-31 18:05:37', '2022-06-09 09:22:38', 0);
INSERT INTO `sys_menu` VALUES (15, 5, '添加', 2, NULL, NULL, 'bnt.sysMenu.add', NULL, 1, 1, '2021-05-31 18:05:37', '2022-06-09 09:22:38', 0);
INSERT INTO `sys_menu` VALUES (16, 5, '修改', 2, NULL, NULL, 'bnt.sysMenu.update', NULL, 1, 1, '2021-05-31 18:05:37', '2022-06-09 09:22:38', 0);
INSERT INTO `sys_menu` VALUES (17, 5, '删除', 2, NULL, NULL, 'bnt.sysMenu.remove', NULL, 1, 1, '2021-05-31 18:05:37', '2022-06-09 09:22:38', 0);
INSERT INTO `sys_menu` VALUES (18, 3, '分配角色', 2, NULL, NULL, 'bnt.sysUser.assignRole', NULL, 1, 1, '2022-05-23 17:14:32', '2022-06-09 09:22:38', 0);
INSERT INTO `sys_menu` VALUES (19, 4, '分配权限', 2, 'assignAuth', 'system/sysRole/assignAuth', 'bnt.sysRole.assignAuth', NULL, 1, 1, '2022-05-23 17:18:14', '2022-06-09 09:22:38', 0);
INSERT INTO `sys_menu` VALUES (20, 2, '部门管理', 1, 'sysDept', 'system/sysDept/list', '', 'el-icon-s-operation', 4, 1, '2022-05-24 10:07:05', '2023-03-08 22:37:23', 1);
INSERT INTO `sys_menu` VALUES (21, 20, '查看', 2, NULL, NULL, 'bnt.sysDept.list', NULL, 1, 1, '2022-05-24 10:07:44', '2023-03-08 22:37:09', 1);
INSERT INTO `sys_menu` VALUES (22, 2, '岗位管理', 1, 'sysPost', 'system/sysPost/list', '', 'el-icon-more-outline', 5, 1, '2022-05-24 10:25:30', '2023-03-08 22:37:43', 1);
INSERT INTO `sys_menu` VALUES (23, 22, '查看', 2, NULL, NULL, 'bnt.sysPost.list', NULL, 1, 1, '2022-05-24 10:25:45', '2023-03-08 22:37:28', 1);
INSERT INTO `sys_menu` VALUES (24, 20, '添加', 2, NULL, NULL, 'bnt.sysDept.add', NULL, 1, 1, '2022-05-25 15:31:27', '2023-03-08 22:37:12', 1);
INSERT INTO `sys_menu` VALUES (25, 20, '修改', 2, NULL, NULL, 'bnt.sysDept.update', NULL, 1, 1, '2022-05-25 15:31:41', '2023-03-08 22:37:16', 1);
INSERT INTO `sys_menu` VALUES (26, 20, '删除', 2, NULL, NULL, 'bnt.sysDept.remove', NULL, 1, 1, '2022-05-25 15:31:59', '2023-03-08 22:37:19', 1);
INSERT INTO `sys_menu` VALUES (27, 22, '添加', 2, NULL, NULL, 'bnt.sysPost.add', NULL, 1, 1, '2022-05-25 15:32:44', '2023-03-08 22:37:31', 1);
INSERT INTO `sys_menu` VALUES (28, 22, '修改', 2, NULL, NULL, 'bnt.sysPost.update', NULL, 1, 1, '2022-05-25 15:32:58', '2023-03-08 22:37:34', 1);
INSERT INTO `sys_menu` VALUES (29, 22, '删除', 2, NULL, NULL, 'bnt.sysPost.remove', NULL, 1, 1, '2022-05-25 15:33:11', '2023-03-08 22:37:38', 1);
INSERT INTO `sys_menu` VALUES (30, 34, '操作日志', 1, 'sysOperLog', 'system/sysOperLog/list', '', 'el-icon-document-remove', 7, 1, '2022-05-26 16:09:59', '2022-06-09 09:39:23', 0);
INSERT INTO `sys_menu` VALUES (31, 30, '查看', 2, NULL, NULL, 'bnt.sysOperLog.list', NULL, 1, 1, '2022-05-26 16:10:17', '2022-06-09 09:22:38', 0);
INSERT INTO `sys_menu` VALUES (32, 34, '登录日志', 1, 'sysLoginLog', 'system/sysLoginLog/list', '', 'el-icon-s-goods', 8, 1, '2022-05-26 16:36:13', '2022-06-09 09:39:24', 0);
INSERT INTO `sys_menu` VALUES (33, 32, '查看', 2, NULL, NULL, 'bnt.sysLoginLog.list', NULL, 1, 1, '2022-05-26 16:36:31', '2022-06-09 09:36:36', 0);
INSERT INTO `sys_menu` VALUES (34, 2, '日志管理', 0, 'log', 'ParentView', '', 'el-icon-tickets', 6, 1, '2022-05-31 13:23:07', '2022-06-09 09:39:22', 0);
INSERT INTO `sys_menu` VALUES (1633129528030371841, 34, '修改日记尚硅谷', 1, '', '', '', 'el-icon-warning', 1, 1, '2023-03-07 23:36:36', '2023-03-07 23:36:49', 1);

-- ----------------------------
-- Table structure for sys_oper_log
-- ----------------------------
DROP TABLE IF EXISTS `sys_oper_log`;
CREATE TABLE `sys_oper_log`  (
  `id` bigint(20) NOT NULL AUTO_INCREMENT COMMENT '日志主键',
  `title` varchar(50) CHARACTER SET utf8 COLLATE utf8_general_ci NULL DEFAULT '' COMMENT '模块标题',
  `business_type` varchar(20) CHARACTER SET utf8 COLLATE utf8_general_ci NULL DEFAULT '0' COMMENT '业务类型（0其它 1新增 2修改 3删除）',
  `method` varchar(100) CHARACTER SET utf8 COLLATE utf8_general_ci NULL DEFAULT '' COMMENT '方法名称',
  `request_method` varchar(10) CHARACTER SET utf8 COLLATE utf8_general_ci NULL DEFAULT '' COMMENT '请求方式',
  `operator_type` varchar(20) CHARACTER SET utf8 COLLATE utf8_general_ci NULL DEFAULT '0' COMMENT '操作类别（0其它 1后台用户 2手机端用户）',
  `oper_name` varchar(50) CHARACTER SET utf8 COLLATE utf8_general_ci NULL DEFAULT '' COMMENT '操作人员',
  `dept_name` varchar(50) CHARACTER SET utf8 COLLATE utf8_general_ci NULL DEFAULT '' COMMENT '部门名称',
  `oper_url` varchar(255) CHARACTER SET utf8 COLLATE utf8_general_ci NULL DEFAULT '' COMMENT '请求URL',
  `oper_ip` varchar(128) CHARACTER SET utf8 COLLATE utf8_general_ci NULL DEFAULT '' COMMENT '主机地址',
  `oper_param` varchar(2000) CHARACTER SET utf8 COLLATE utf8_general_ci NULL DEFAULT '' COMMENT '请求参数',
  `json_result` varchar(2000) CHARACTER SET utf8 COLLATE utf8_general_ci NULL DEFAULT '' COMMENT '返回参数',
  `status` int(1) NULL DEFAULT 0 COMMENT '操作状态（0正常 1异常）',
  `error_msg` varchar(2000) CHARACTER SET utf8 COLLATE utf8_general_ci NULL DEFAULT '' COMMENT '错误消息',
  `oper_time` datetime(0) NULL DEFAULT NULL COMMENT '操作时间',
  `create_time` timestamp(0) NOT NULL DEFAULT CURRENT_TIMESTAMP(0) ON UPDATE CURRENT_TIMESTAMP(0),
  `update_time` timestamp(0) NULL DEFAULT NULL ON UPDATE CURRENT_TIMESTAMP(0),
  `is_deleted` tinyint(3) NOT NULL DEFAULT 0 COMMENT '删除标记（0:可用 1:已删除）',
  PRIMARY KEY (`id`) USING BTREE
) ENGINE = InnoDB AUTO_INCREMENT = 64 CHARACTER SET = utf8 COLLATE = utf8_general_ci COMMENT = '操作日志记录' ROW_FORMAT = Dynamic;

-- ----------------------------
-- Records of sys_oper_log
-- ----------------------------
INSERT INTO `sys_oper_log` VALUES (1, '角色管理', '1', 'com.atguigu.auth.controller.SysRoleController.save()', 'POST', '1', 'admin', '', '/admin/auth/sysRole/save', '', '{\"param\":{},\"roleCode\":\"\",\"roleName\":\"test\",\"id\":5}', '{\"code\":200,\"message\":\"成功\"}', 0, '', NULL, '2022-05-26 15:59:44', NULL, 0);
INSERT INTO `sys_oper_log` VALUES (2, '角色管理', 'DELETE', 'com.atguigu.auth.controller.SysRoleController.remove()', 'DELETE', 'MANAGE', 'admin', '', '/admin/auth/sysRole/remove/5', '', '', '{\"code\":200,\"message\":\"成功\"}', 0, '', NULL, '2022-05-26 16:05:27', NULL, 0);
INSERT INTO `sys_oper_log` VALUES (3, '角色管理', 'DELETE', 'com.atguigu.auth.controller.SysRoleController.remove()', 'DELETE', 'MANAGE', 'admin', '', '/admin/auth/sysRole/remove/4', '127.0.0.1', '', '{\"code\":200,\"message\":\"成功\"}', 1, '', NULL, '2022-05-26 16:52:40', NULL, 0);
INSERT INTO `sys_oper_log` VALUES (4, '角色管理', 'UPDATE', 'com.atguigu.auth.controller.SysRoleController.updateById()', 'PUT', 'MANAGE', 'admin', '', '/admin/auth/sysRole/update', '127.0.0.1', '{\"isDeleted\":0,\"createTime\":1622507920000,\"param\":{},\"roleCode\":\"\",\"roleName\":\"普通管理员\",\"description\":\"普通管理员\",\"updateTime\":1645670566000,\"id\":2}', '{\"code\":200,\"message\":\"成功\"}', 1, '', NULL, '2022-05-27 08:47:54', NULL, 0);
INSERT INTO `sys_oper_log` VALUES (5, '菜单管理', 'UPDATE', 'com.atguigu.auth.controller.SysMenuController.updateById()', 'PUT', 'MANAGE', 'admin', '', '/admin/auth/sysMenu/update', '127.0.0.1', '{\"code\":\"SysRole\",\"select\":false,\"level\":3,\"updateTime\":1653287810000,\"type\":1,\"parentId\":2,\"isDeleted\":0,\"children\":[{\"code\":\"btn.SysRole.list\",\"select\":false,\"level\":4,\"updateTime\":1622460772000,\"type\":2,\"parentId\":4,\"isDeleted\":0,\"children\":[],\"createTime\":1622455537000,\"param\":{},\"name\":\"查看\",\"id\":10},{\"code\":\"btn.SysRole.add\",\"select\":false,\"level\":4,\"updateTime\":1653547976000,\"type\":2,\"parentId\":4,\"isDeleted\":0,\"children\":[],\"createTime\":1622455537000,\"param\":{},\"name\":\"添加\",\"id\":11},{\"code\":\"btn.SysRole.update\",\"select\":false,\"level\":4,\"updateTime\":1653547981000,\"type\":2,\"parentId\":4,\"isDeleted\":0,\"children\":[],\"createTime\":1622455537000,\"param\":{},\"name\":\"修改\",\"id\":12},{\"code\":\"btn.SysRole.remove\",\"select\":false,\"level\":4,\"updateTime\":1622507874000,\"type\":2,\"parentId\":4,\"isDeleted\":0,\"children\":[],\"createTime\":1622455537000,\"param\":{},\"name\":\"删除\",\"id\":13},{\"code\":\"btn.SysRole.assignAuth\",\"select\":false,\"level\":4,\"toCode\":\"AssignAuth\",\"updateTime\":1653376735000,\"type\":2,\"parentId\":4,\"isDeleted\":0,\"children\":[],\"createTime\":1653297494000,\"param\":{},\"name\":\"分配权限\",\"id\":19}],\"createTime\":1622455537000,\"param\":{},\"name\":\"角色管理\",\"id\":4}', '{\"code\":200,\"message\":\"成功\"}', 1, '', NULL, '2022-05-27 08:48:08', NULL, 0);
INSERT INTO `sys_oper_log` VALUES (6, '岗位管理', 'UPDATE', 'com.atguigu.auth.controller.SysPostController.updateById()', 'PUT', 'MANAGE', 'admin', '', '/admin/auth/sysPost/update', '127.0.0.1', '{\"isDeleted\":0,\"createTime\":1653359648000,\"param\":{},\"name\":\"总经理\",\"description\":\"2\",\"postCode\":\"zjl\",\"id\":6,\"status\":1}', '{\"code\":200,\"message\":\"成功\"}', 1, '', NULL, '2022-05-27 08:56:29', NULL, 0);
INSERT INTO `sys_oper_log` VALUES (7, '岗位管理', 'INSERT', 'com.atguigu.auth.controller.SysPostController.save()', 'POST', 'MANAGE', 'admin', '', '/admin/auth/sysPost/save', '127.0.0.1', '{\"param\":{},\"name\":\"网咨\",\"description\":\"\",\"postCode\":\"wz\",\"id\":7,\"status\":1}', '{\"code\":200,\"message\":\"成功\"}', 1, '', NULL, '2022-05-27 08:56:37', NULL, 0);
INSERT INTO `sys_oper_log` VALUES (8, '岗位管理', 'DELETE', 'com.atguigu.auth.controller.SysPostController.remove()', 'DELETE', 'MANAGE', 'admin', '', '/admin/auth/sysPost/remove/7', '127.0.0.1', '', '{\"code\":200,\"message\":\"成功\"}', 1, '', NULL, '2022-05-27 08:56:41', NULL, 0);
INSERT INTO `sys_oper_log` VALUES (9, '菜单管理', 'UPDATE', 'com.atguigu.auth.controller.SysMenuController.updateById()', 'PUT', 'MANAGE', 'admin', '', '/admin/auth/sysMenu/update', '127.0.0.1', '{\"code\":\"btn.sysDept.list\",\"select\":false,\"level\":4,\"toCode\":\"\",\"updateTime\":1653358064000,\"type\":2,\"parentId\":20,\"isDeleted\":0,\"children\":[],\"createTime\":1653358064000,\"param\":{},\"name\":\"查看\",\"id\":21}', '{\"code\":200,\"message\":\"成功\"}', 1, '', NULL, '2022-05-27 09:02:49', NULL, 0);
INSERT INTO `sys_oper_log` VALUES (10, '菜单管理', 'UPDATE', 'com.atguigu.auth.controller.SysMenuController.updateById()', 'PUT', 'MANAGE', 'admin', '', '/admin/auth/sysMenu/update', '127.0.0.1', '{\"code\":\"btn.sysDept.add\",\"select\":false,\"level\":4,\"toCode\":\"\",\"updateTime\":1653463887000,\"type\":2,\"parentId\":20,\"isDeleted\":0,\"children\":[],\"createTime\":1653463887000,\"param\":{},\"name\":\"添加\",\"id\":24}', '{\"code\":200,\"message\":\"成功\"}', 1, '', NULL, '2022-05-27 09:02:55', NULL, 0);
INSERT INTO `sys_oper_log` VALUES (11, '菜单管理', 'UPDATE', 'com.atguigu.auth.controller.SysMenuController.updateById()', 'PUT', 'MANAGE', 'admin', '', '/admin/auth/sysMenu/update', '127.0.0.1', '{\"code\":\"btn.sysDept.update\",\"select\":false,\"level\":4,\"toCode\":\"\",\"updateTime\":1653463901000,\"type\":2,\"parentId\":20,\"isDeleted\":0,\"children\":[],\"createTime\":1653463901000,\"param\":{},\"name\":\"修改\",\"id\":25}', '{\"code\":200,\"message\":\"成功\"}', 1, '', NULL, '2022-05-27 09:03:01', NULL, 0);
INSERT INTO `sys_oper_log` VALUES (12, '菜单管理', 'UPDATE', 'com.atguigu.auth.controller.SysMenuController.updateById()', 'PUT', 'MANAGE', 'admin', '', '/admin/auth/sysMenu/update', '127.0.0.1', '{\"code\":\"btn.sysDept.remove\",\"select\":false,\"level\":4,\"toCode\":\"\",\"updateTime\":1653463919000,\"type\":2,\"parentId\":20,\"isDeleted\":0,\"children\":[],\"createTime\":1653463919000,\"param\":{},\"name\":\"删除\",\"id\":26}', '{\"code\":200,\"message\":\"成功\"}', 1, '', NULL, '2022-05-27 09:03:07', NULL, 0);
INSERT INTO `sys_oper_log` VALUES (13, '部门管理', 'UPDATE', 'com.atguigu.auth.controller.SysDeptController.updateById()', 'PUT', 'MANAGE', 'admin', '', '/admin/auth/sysDept/update', '127.0.0.1', '{\"leader\":\"张老师\",\"updateTime\":1653447072000,\"parentId\":2012,\"sortValue\":1,\"isDeleted\":0,\"createTime\":1653447072000,\"param\":{},\"phone\":\"15090909909\",\"name\":\"Java学科\",\"id\":2016,\"treePath\":\",1,20,2012,2012,\",\"status\":1}', '{\"code\":200,\"message\":\"成功\"}', 1, '', NULL, '2022-05-27 09:11:28', NULL, 0);
INSERT INTO `sys_oper_log` VALUES (14, '部门管理', 'INSERT', 'com.atguigu.auth.controller.SysDeptController.save()', 'POST', 'MANAGE', 'admin', '', '/admin/auth/sysDept/save', '127.0.0.1', '{\"leader\":\"李老师\",\"parentId\":2012,\"param\":{},\"phone\":\"15090980989\",\"name\":\"大数据学科\",\"id\":2017,\"treePath\":\",1,20,2012,2012,\"}', '{\"code\":200,\"message\":\"成功\"}', 1, '', NULL, '2022-05-27 09:11:54', NULL, 0);
INSERT INTO `sys_oper_log` VALUES (15, '部门管理', 'UPDATE', 'com.atguigu.auth.controller.SysDeptController.updateById()', 'PUT', 'MANAGE', 'admin', '', '/admin/auth/sysDept/update', '127.0.0.1', '{\"leader\":\"李老师\",\"parentId\":2012,\"sortValue\":1,\"isDeleted\":0,\"createTime\":1653613914000,\"param\":{},\"phone\":\"15090980989\",\"name\":\"大数据学科\",\"id\":2017,\"treePath\":\",1,20,2012,2012,\",\"status\":1}', '{\"code\":200,\"message\":\"成功\"}', 1, '', NULL, '2022-05-27 09:16:38', NULL, 0);
INSERT INTO `sys_oper_log` VALUES (16, '角色管理', 'UPDATE', 'com.atguigu.auth.controller.SysRoleController.updateById()', 'PUT', 'MANAGE', 'admin', '', '/admin/auth/sysRole/update', '127.0.0.1', '{\"isDeleted\":0,\"createTime\":1622507920000,\"param\":{},\"roleCode\":\"COMMON\",\"roleName\":\"普通管理员\",\"description\":\"普通管理员\",\"updateTime\":1645670566000,\"id\":2}', '{\"code\":200,\"message\":\"成功\"}', 1, '', NULL, '2022-05-27 09:28:15', NULL, 0);
INSERT INTO `sys_oper_log` VALUES (17, '角色管理', 'INSERT', 'com.atguigu.auth.controller.SysRoleController.save()', 'POST', 'MANAGE', 'admin', '', '/admin/auth/sysRole/save', '127.0.0.1', '{\"param\":{},\"roleCode\":\"\",\"roleName\":\"用户管理员\",\"id\":6}', '{\"code\":200,\"message\":\"成功\"}', 1, '', NULL, '2022-05-27 10:42:18', NULL, 0);
INSERT INTO `sys_oper_log` VALUES (18, '角色管理', 'UPDATE', 'com.atguigu.auth.controller.SysRoleController.updateById()', 'PUT', 'MANAGE', 'admin', '', '/admin/auth/sysRole/update', '127.0.0.1', '{\"isDeleted\":0,\"createTime\":1653619337000,\"param\":{},\"roleCode\":\"\",\"roleName\":\"用户管理员\",\"updateTime\":1653619337000,\"id\":6}', '{\"code\":200,\"message\":\"成功\"}', 1, '', NULL, '2022-05-27 10:43:59', NULL, 0);
INSERT INTO `sys_oper_log` VALUES (19, '菜单管理', 'UPDATE', 'com.atguigu.auth.controller.SysMenuController.updateById()', 'PUT', 'MANAGE', 'admin', '', '/admin/auth/sysMenu/update', '127.0.0.1', '{\"code\":\"sysUser\",\"select\":false,\"level\":3,\"updateTime\":1653957062000,\"type\":1,\"parentId\":2,\"path\":\"sysUser/list\",\"sortValue\":1,\"component\":\"auth/sysUser/list\",\"isDeleted\":0,\"children\":[{\"code\":\"bnt.sysUser.list\",\"select\":false,\"level\":4,\"updateTime\":1653957062000,\"type\":2,\"parentId\":3,\"isDeleted\":0,\"children\":[],\"createTime\":1622455537000,\"param\":{},\"name\":\"查看\",\"id\":6,\"status\":1},{\"code\":\"bnt.sysUser.add\",\"select\":false,\"level\":4,\"updateTime\":1653957062000,\"type\":2,\"parentId\":3,\"isDeleted\":0,\"children\":[],\"createTime\":1622455537000,\"param\":{},\"name\":\"添加\",\"id\":7,\"status\":1},{\"code\":\"bnt.sysUser.update\",\"select\":false,\"level\":4,\"updateTime\":1653957062000,\"type\":2,\"parentId\":3,\"isDeleted\":0,\"children\":[],\"createTime\":1622455537000,\"param\":{},\"name\":\"修改\",\"id\":8,\"status\":1},{\"code\":\"bnt.sysUser.remove\",\"select\":false,\"level\":4,\"updateTime\":1653957062000,\"type\":2,\"parentId\":3,\"isDeleted\":0,\"children\":[],\"createTime\":1622455537000,\"param\":{},\"name\":\"删除\",\"id\":9,\"status\":1},{\"code\":\"bnt.sysUser.assignRole\",\"select\":false,\"level\":4,\"toCode\":\"\",\"updateTime\":1653957062000,\"type\":2,\"parentId\":3,\"isDeleted\":0,\"children\":[],\"createTime\":1653297272000,\"param\":{},\"name\":\"分配角色\",\"id\":18,\"status\":1}],\"createTime\":1622455537000,\"param\":{},\"name\":\"用户管理\",\"perms\":\"bnt.sysUser.list\",\"id\":3,\"status\":1}', '{\"code\":200,\"message\":\"成功\"}', 1, '', NULL, '2022-05-31 09:14:26', NULL, 0);
INSERT INTO `sys_oper_log` VALUES (20, '菜单管理', 'UPDATE', 'com.atguigu.auth.controller.SysMenuController.updateById()', 'PUT', 'MANAGE', 'admin', '', '/admin/auth/sysMenu/update', '127.0.0.1', '{\"code\":\"sysRole\",\"select\":false,\"level\":3,\"updateTime\":1653957062000,\"type\":1,\"parentId\":2,\"path\":\"sysRole/list\",\"sortValue\":0,\"component\":\"auth/sysRole/list\",\"isDeleted\":0,\"children\":[{\"code\":\"bnt.sysRole.list\",\"select\":false,\"level\":4,\"updateTime\":1653959708000,\"type\":2,\"parentId\":4,\"isDeleted\":0,\"children\":[],\"createTime\":1622455537000,\"param\":{},\"name\":\"查看\",\"perms\":\"bnt.sysRole.list\",\"id\":10,\"status\":1},{\"code\":\"bnt.sysRole.add\",\"select\":false,\"level\":4,\"updateTime\":1653959708000,\"type\":2,\"parentId\":4,\"isDeleted\":0,\"children\":[],\"createTime\":1622455537000,\"param\":{},\"name\":\"添加\",\"perms\":\"bnt.sysRole.add\",\"id\":11,\"status\":1},{\"code\":\"bnt.sysRole.update\",\"select\":false,\"level\":4,\"updateTime\":1653959708000,\"type\":2,\"parentId\":4,\"isDeleted\":0,\"children\":[],\"createTime\":1622455537000,\"param\":{},\"name\":\"修改\",\"perms\":\"bnt.sysRole.update\",\"id\":12,\"status\":1},{\"code\":\"bnt.sysRole.remove\",\"select\":false,\"level\":4,\"updateTime\":1653959708000,\"type\":2,\"parentId\":4,\"isDeleted\":0,\"children\":[],\"createTime\":1622455537000,\"param\":{},\"name\":\"删除\",\"perms\":\"bnt.sysRole.remove\",\"id\":13,\"status\":1},{\"code\":\"bnt.sysRole.assignAuth\",\"select\":false,\"level\":4,\"toCode\":\"assignAuth\",\"updateTime\":1653959708000,\"type\":2,\"parentId\":4,\"isDeleted\":0,\"children\":[],\"createTime\":1653297494000,\"param\":{},\"name\":\"分配权限\",\"perms\":\"bnt.sysRole.assignAuth\",\"id\":19,\"status\":1}],\"createTime\":1622455537000,\"param\":{},\"name\":\"角色管理\",\"perms\":\" bnt.sysRole.list\",\"id\":4,\"status\":1}', '{\"code\":200,\"message\":\"成功\"}', 1, '', NULL, '2022-05-31 09:18:12', NULL, 0);
INSERT INTO `sys_oper_log` VALUES (21, '菜单管理', 'UPDATE', 'com.atguigu.auth.controller.SysMenuController.updateById()', 'PUT', 'MANAGE', 'admin', '', '/admin/auth/sysMenu/update', '127.0.0.1', '{\"code\":\"sysMenu\",\"select\":false,\"level\":3,\"updateTime\":1653957062000,\"type\":1,\"parentId\":2,\"path\":\"sysMenu/list\",\"sortValue\":0,\"component\":\"auth/sysMenu/list\",\"isDeleted\":0,\"children\":[{\"code\":\"bnt.sysMenu.list\",\"select\":false,\"level\":4,\"updateTime\":1653959708000,\"type\":2,\"parentId\":5,\"isDeleted\":0,\"children\":[],\"createTime\":1622455537000,\"param\":{},\"name\":\"查看\",\"perms\":\"bnt.sysMenu.list\",\"id\":14,\"status\":1},{\"code\":\"bnt.sysMenu.add\",\"select\":false,\"level\":4,\"updateTime\":1653959708000,\"type\":2,\"parentId\":5,\"isDeleted\":0,\"children\":[],\"createTime\":1622455537000,\"param\":{},\"name\":\"添加\",\"perms\":\"bnt.sysMenu.add\",\"id\":15,\"status\":1},{\"code\":\"bnt.sysMenu.update\",\"select\":false,\"level\":4,\"updateTime\":1653959708000,\"type\":2,\"parentId\":5,\"isDeleted\":0,\"children\":[],\"createTime\":1622455537000,\"param\":{},\"name\":\"修改\",\"perms\":\"bnt.sysMenu.update\",\"id\":16,\"status\":1},{\"code\":\"bnt.sysMenu.remove\",\"select\":false,\"level\":4,\"updateTime\":1653959708000,\"type\":2,\"parentId\":5,\"isDeleted\":0,\"children\":[],\"createTime\":1622455537000,\"param\":{},\"name\":\"删除\",\"perms\":\"bnt.sysMenu.remove\",\"id\":17,\"status\":1}],\"createTime\":1622455537000,\"param\":{},\"name\":\"菜单管理\",\"perms\":\"bnt.sysMenu.list\",\"id\":5,\"status\":1}', '{\"code\":200,\"message\":\"成功\"}', 1, '', NULL, '2022-05-31 09:18:37', NULL, 0);
INSERT INTO `sys_oper_log` VALUES (22, '菜单管理', 'UPDATE', 'com.atguigu.auth.controller.SysMenuController.updateById()', 'PUT', 'MANAGE', 'admin', '', '/admin/auth/sysMenu/update', '127.0.0.1', '{\"code\":\"sysDept\",\"select\":false,\"level\":3,\"toCode\":\"\",\"updateTime\":1653957062000,\"type\":1,\"parentId\":2,\"path\":\"sysDept/list\",\"sortValue\":0,\"component\":\"auth/sysDept/list\",\"isDeleted\":0,\"children\":[{\"code\":\"bnt.sysDept.list\",\"select\":false,\"level\":4,\"toCode\":\"\",\"updateTime\":1653959708000,\"type\":2,\"parentId\":20,\"isDeleted\":0,\"children\":[],\"createTime\":1653358064000,\"param\":{},\"name\":\"查看\",\"perms\":\"bnt.sysDept.list\",\"id\":21,\"status\":1},{\"code\":\"bnt.sysDept.add\",\"select\":false,\"level\":4,\"toCode\":\"\",\"updateTime\":1653959708000,\"type\":2,\"parentId\":20,\"isDeleted\":0,\"children\":[],\"createTime\":1653463887000,\"param\":{},\"name\":\"添加\",\"perms\":\"bnt.sysDept.add\",\"id\":24,\"status\":1},{\"code\":\"bnt.sysDept.update\",\"select\":false,\"level\":4,\"toCode\":\"\",\"updateTime\":1653959708000,\"type\":2,\"parentId\":20,\"isDeleted\":0,\"children\":[],\"createTime\":1653463901000,\"param\":{},\"name\":\"修改\",\"perms\":\"bnt.sysDept.update\",\"id\":25,\"status\":1},{\"code\":\"bnt.sysDept.remove\",\"select\":false,\"level\":4,\"toCode\":\"\",\"updateTime\":1653959708000,\"type\":2,\"parentId\":20,\"isDeleted\":0,\"children\":[],\"createTime\":1653463919000,\"param\":{},\"name\":\"删除\",\"perms\":\"bnt.sysDept.remove\",\"id\":26,\"status\":1}],\"createTime\":1653358025000,\"param\":{},\"name\":\"部门管理\",\"perms\":\"bnt.sysDept.list\",\"id\":20,\"status\":1}', '{\"code\":200,\"message\":\"成功\"}', 1, '', NULL, '2022-05-31 09:19:04', NULL, 0);
INSERT INTO `sys_oper_log` VALUES (23, '菜单管理', 'UPDATE', 'com.atguigu.auth.controller.SysMenuController.updateById()', 'PUT', 'MANAGE', 'admin', '', '/admin/auth/sysMenu/update', '127.0.0.1', '{\"code\":\"sysPost\",\"select\":false,\"level\":3,\"toCode\":\"\",\"updateTime\":1653957062000,\"type\":1,\"parentId\":2,\"path\":\"sysPost/list\",\"sortValue\":0,\"component\":\"auth/sysPost/list\",\"isDeleted\":0,\"children\":[{\"code\":\"bnt.sysPost.list\",\"select\":false,\"level\":4,\"toCode\":\"\",\"updateTime\":1653959708000,\"type\":2,\"parentId\":22,\"isDeleted\":0,\"children\":[],\"createTime\":1653359145000,\"param\":{},\"name\":\"查看\",\"perms\":\"bnt.sysPost.list\",\"id\":23,\"status\":1},{\"code\":\"bnt.sysPost.add\",\"select\":false,\"level\":4,\"toCode\":\"\",\"updateTime\":1653959708000,\"type\":2,\"parentId\":22,\"isDeleted\":0,\"children\":[],\"createTime\":1653463964000,\"param\":{},\"name\":\"添加\",\"perms\":\"bnt.sysPost.add\",\"id\":27,\"status\":1},{\"code\":\"bnt.sysPost.update\",\"select\":false,\"level\":4,\"toCode\":\"\",\"updateTime\":1653959708000,\"type\":2,\"parentId\":22,\"isDeleted\":0,\"children\":[],\"createTime\":1653463978000,\"param\":{},\"name\":\"修改\",\"perms\":\"bnt.sysPost.update\",\"id\":28,\"status\":1},{\"code\":\"bnt.sysPost.remove\",\"select\":false,\"level\":4,\"toCode\":\"\",\"updateTime\":1653959708000,\"type\":2,\"parentId\":22,\"isDeleted\":0,\"children\":[],\"createTime\":1653463991000,\"param\":{},\"name\":\"删除\",\"perms\":\"bnt.sysPost.remove\",\"id\":29,\"status\":1}],\"createTime\":1653359130000,\"param\":{},\"name\":\"岗位管理\",\"perms\":\"bnt.sysPost.list\",\"id\":22,\"status\":1}', '{\"code\":200,\"message\":\"成功\"}', 1, '', NULL, '2022-05-31 09:19:23', NULL, 0);
INSERT INTO `sys_oper_log` VALUES (24, '菜单管理', 'UPDATE', 'com.atguigu.auth.controller.SysMenuController.updateById()', 'PUT', 'MANAGE', 'admin', '', '/admin/auth/sysMenu/update', '127.0.0.1', '{\"code\":\"sysOperLog\",\"select\":false,\"level\":3,\"toCode\":\"\",\"updateTime\":1653957062000,\"type\":1,\"parentId\":2,\"path\":\"sysOperLog/list\",\"sortValue\":0,\"component\":\"auth/sysOperLog/list\",\"isDeleted\":0,\"children\":[{\"code\":\"bnt.sysOperLog.list\",\"select\":false,\"level\":4,\"toCode\":\"\",\"updateTime\":1653959708000,\"type\":2,\"parentId\":30,\"isDeleted\":0,\"children\":[],\"createTime\":1653552617000,\"param\":{},\"name\":\"查看\",\"perms\":\"bnt.sysOperLog.list\",\"id\":31,\"status\":1}],\"createTime\":1653552599000,\"param\":{},\"name\":\"操作日志\",\"perms\":\"bnt.sysOperLog.list\",\"id\":30,\"status\":1}', '{\"code\":200,\"message\":\"成功\"}', 1, '', NULL, '2022-05-31 09:19:40', NULL, 0);
INSERT INTO `sys_oper_log` VALUES (25, '菜单管理', 'UPDATE', 'com.atguigu.auth.controller.SysMenuController.updateById()', 'PUT', 'MANAGE', 'admin', '', '/admin/auth/sysMenu/update', '127.0.0.1', '{\"code\":\"sysLoginLog\",\"select\":false,\"level\":3,\"toCode\":\"\",\"updateTime\":1653957062000,\"type\":1,\"parentId\":2,\"path\":\"sysLoginLog/list\",\"sortValue\":0,\"component\":\"auth/sysLoginLog/list\",\"isDeleted\":0,\"children\":[{\"code\":\"bnt.sysLoginLog.list\",\"select\":false,\"level\":4,\"toCode\":\"\",\"updateTime\":1653957062000,\"type\":1,\"parentId\":32,\"isDeleted\":0,\"children\":[],\"createTime\":1653554191000,\"param\":{},\"name\":\"查看\",\"id\":33,\"status\":1}],\"createTime\":1653554173000,\"param\":{},\"name\":\"登录日志\",\"perms\":\" bnt.sysLoginLog.list\",\"id\":32,\"status\":1}', '{\"code\":200,\"message\":\"成功\"}', 1, '', NULL, '2022-05-31 09:20:09', NULL, 0);
INSERT INTO `sys_oper_log` VALUES (26, '菜单管理', 'UPDATE', 'com.atguigu.auth.controller.SysMenuController.updateById()', 'PUT', 'MANAGE', 'admin', '', '/admin/auth/sysMenu/update', '127.0.0.1', '{\"code\":\"sysUser\",\"select\":false,\"level\":2,\"updateTime\":1653957062000,\"type\":1,\"parentId\":2,\"path\":\"sysUser\",\"sortValue\":1,\"component\":\"auth/sysUser/list\",\"isDeleted\":0,\"children\":[{\"code\":\"bnt.sysUser.list\",\"select\":false,\"level\":3,\"updateTime\":1653959708000,\"type\":2,\"parentId\":3,\"isDeleted\":0,\"children\":[],\"createTime\":1622455537000,\"param\":{},\"name\":\"查看\",\"perms\":\"bnt.sysUser.list\",\"id\":6,\"status\":1},{\"code\":\"bnt.sysUser.add\",\"select\":false,\"level\":3,\"updateTime\":1653959708000,\"type\":2,\"parentId\":3,\"isDeleted\":0,\"children\":[],\"createTime\":1622455537000,\"param\":{},\"name\":\"添加\",\"perms\":\"bnt.sysUser.add\",\"id\":7,\"status\":1},{\"code\":\"bnt.sysUser.update\",\"select\":false,\"level\":3,\"updateTime\":1653959708000,\"type\":2,\"parentId\":3,\"isDeleted\":0,\"children\":[],\"createTime\":1622455537000,\"param\":{},\"name\":\"修改\",\"perms\":\"bnt.sysUser.update\",\"id\":8,\"status\":1},{\"code\":\"bnt.sysUser.remove\",\"select\":false,\"level\":3,\"updateTime\":1653959708000,\"type\":2,\"parentId\":3,\"isDeleted\":0,\"children\":[],\"createTime\":1622455537000,\"param\":{},\"name\":\"删除\",\"perms\":\"bnt.sysUser.remove\",\"id\":9,\"status\":1},{\"code\":\"bnt.sysUser.assignRole\",\"select\":false,\"level\":3,\"toCode\":\"\",\"updateTime\":1653959708000,\"type\":2,\"parentId\":3,\"isDeleted\":0,\"children\":[],\"createTime\":1653297272000,\"param\":{},\"name\":\"分配角色\",\"perms\":\"bnt.sysUser.assignRole\",\"id\":18,\"status\":1}],\"createTime\":1622455537000,\"param\":{},\"name\":\"用户管理\",\"perms\":\"bnt.sysUser.list\",\"id\":3,\"status\":1}', '{\"code\":200,\"message\":\"成功\"}', 1, '', NULL, '2022-05-31 09:41:35', NULL, 0);
INSERT INTO `sys_oper_log` VALUES (27, '菜单管理', 'UPDATE', 'com.atguigu.auth.controller.SysMenuController.updateById()', 'PUT', 'MANAGE', 'admin', '', '/admin/auth/sysMenu/update', '127.0.0.1', '{\"code\":\"sysRole\",\"select\":false,\"level\":2,\"updateTime\":1653957062000,\"type\":1,\"parentId\":2,\"path\":\"sysRole\",\"sortValue\":0,\"component\":\"auth/sysRole/list\",\"isDeleted\":0,\"children\":[{\"code\":\"bnt.sysRole.list\",\"select\":false,\"level\":3,\"updateTime\":1653959708000,\"type\":2,\"parentId\":4,\"isDeleted\":0,\"children\":[],\"createTime\":1622455537000,\"param\":{},\"name\":\"查看\",\"perms\":\"bnt.sysRole.list\",\"id\":10,\"status\":1},{\"code\":\"bnt.sysRole.add\",\"select\":false,\"level\":3,\"updateTime\":1653959708000,\"type\":2,\"parentId\":4,\"isDeleted\":0,\"children\":[],\"createTime\":1622455537000,\"param\":{},\"name\":\"添加\",\"perms\":\"bnt.sysRole.add\",\"id\":11,\"status\":1},{\"code\":\"bnt.sysRole.update\",\"select\":false,\"level\":3,\"updateTime\":1653959708000,\"type\":2,\"parentId\":4,\"isDeleted\":0,\"children\":[],\"createTime\":1622455537000,\"param\":{},\"name\":\"修改\",\"perms\":\"bnt.sysRole.update\",\"id\":12,\"status\":1},{\"code\":\"bnt.sysRole.remove\",\"select\":false,\"level\":3,\"updateTime\":1653959708000,\"type\":2,\"parentId\":4,\"isDeleted\":0,\"children\":[],\"createTime\":1622455537000,\"param\":{},\"name\":\"删除\",\"perms\":\"bnt.sysRole.remove\",\"id\":13,\"status\":1},{\"code\":\"bnt.sysRole.assignAuth\",\"select\":false,\"level\":3,\"toCode\":\"assignAuth\",\"updateTime\":1653959708000,\"type\":2,\"parentId\":4,\"isDeleted\":0,\"children\":[],\"createTime\":1653297494000,\"param\":{},\"name\":\"分配权限\",\"perms\":\"bnt.sysRole.assignAuth\",\"id\":19,\"status\":1}],\"createTime\":1622455537000,\"param\":{},\"name\":\"角色管理\",\"perms\":\" bnt.sysRole.list\",\"id\":4,\"status\":1}', '{\"code\":200,\"message\":\"成功\"}', 1, '', NULL, '2022-05-31 09:41:42', NULL, 0);
INSERT INTO `sys_oper_log` VALUES (28, '菜单管理', 'UPDATE', 'com.atguigu.auth.controller.SysMenuController.updateById()', 'PUT', 'MANAGE', 'admin', '', '/admin/auth/sysMenu/update', '127.0.0.1', '{\"code\":\"sysMenu\",\"select\":false,\"level\":2,\"updateTime\":1653957062000,\"type\":1,\"parentId\":2,\"path\":\"sysMenu\",\"sortValue\":0,\"component\":\"auth/sysMenu/list\",\"isDeleted\":0,\"children\":[{\"code\":\"bnt.sysMenu.list\",\"select\":false,\"level\":3,\"updateTime\":1653959708000,\"type\":2,\"parentId\":5,\"isDeleted\":0,\"children\":[],\"createTime\":1622455537000,\"param\":{},\"name\":\"查看\",\"perms\":\"bnt.sysMenu.list\",\"id\":14,\"status\":1},{\"code\":\"bnt.sysMenu.add\",\"select\":false,\"level\":3,\"updateTime\":1653959708000,\"type\":2,\"parentId\":5,\"isDeleted\":0,\"children\":[],\"createTime\":1622455537000,\"param\":{},\"name\":\"添加\",\"perms\":\"bnt.sysMenu.add\",\"id\":15,\"status\":1},{\"code\":\"bnt.sysMenu.update\",\"select\":false,\"level\":3,\"updateTime\":1653959708000,\"type\":2,\"parentId\":5,\"isDeleted\":0,\"children\":[],\"createTime\":1622455537000,\"param\":{},\"name\":\"修改\",\"perms\":\"bnt.sysMenu.update\",\"id\":16,\"status\":1},{\"code\":\"bnt.sysMenu.remove\",\"select\":false,\"level\":3,\"updateTime\":1653959708000,\"type\":2,\"parentId\":5,\"isDeleted\":0,\"children\":[],\"createTime\":1622455537000,\"param\":{},\"name\":\"删除\",\"perms\":\"bnt.sysMenu.remove\",\"id\":17,\"status\":1}],\"createTime\":1622455537000,\"param\":{},\"name\":\"菜单管理\",\"perms\":\"bnt.sysMenu.list\",\"id\":5,\"status\":1}', '{\"code\":200,\"message\":\"成功\"}', 1, '', NULL, '2022-05-31 09:41:51', NULL, 0);
INSERT INTO `sys_oper_log` VALUES (29, '菜单管理', 'UPDATE', 'com.atguigu.auth.controller.SysMenuController.updateById()', 'PUT', 'MANAGE', 'admin', '', '/admin/auth/sysMenu/update', '127.0.0.1', '{\"code\":\"sysDept\",\"select\":false,\"level\":2,\"toCode\":\"\",\"updateTime\":1653957062000,\"type\":1,\"parentId\":2,\"path\":\"sysDept\",\"sortValue\":0,\"component\":\"auth/sysDept/list\",\"isDeleted\":0,\"children\":[{\"code\":\"bnt.sysDept.list\",\"select\":false,\"level\":3,\"toCode\":\"\",\"updateTime\":1653959708000,\"type\":2,\"parentId\":20,\"isDeleted\":0,\"children\":[],\"createTime\":1653358064000,\"param\":{},\"name\":\"查看\",\"perms\":\"bnt.sysDept.list\",\"id\":21,\"status\":1},{\"code\":\"bnt.sysDept.add\",\"select\":false,\"level\":3,\"toCode\":\"\",\"updateTime\":1653959708000,\"type\":2,\"parentId\":20,\"isDeleted\":0,\"children\":[],\"createTime\":1653463887000,\"param\":{},\"name\":\"添加\",\"perms\":\"bnt.sysDept.add\",\"id\":24,\"status\":1},{\"code\":\"bnt.sysDept.update\",\"select\":false,\"level\":3,\"toCode\":\"\",\"updateTime\":1653959708000,\"type\":2,\"parentId\":20,\"isDeleted\":0,\"children\":[],\"createTime\":1653463901000,\"param\":{},\"name\":\"修改\",\"perms\":\"bnt.sysDept.update\",\"id\":25,\"status\":1},{\"code\":\"bnt.sysDept.remove\",\"select\":false,\"level\":3,\"toCode\":\"\",\"updateTime\":1653959708000,\"type\":2,\"parentId\":20,\"isDeleted\":0,\"children\":[],\"createTime\":1653463919000,\"param\":{},\"name\":\"删除\",\"perms\":\"bnt.sysDept.remove\",\"id\":26,\"status\":1}],\"createTime\":1653358025000,\"param\":{},\"name\":\"部门管理\",\"perms\":\"bnt.sysDept.list\",\"id\":20,\"status\":1}', '{\"code\":200,\"message\":\"成功\"}', 1, '', NULL, '2022-05-31 09:41:58', NULL, 0);
INSERT INTO `sys_oper_log` VALUES (30, '菜单管理', 'UPDATE', 'com.atguigu.auth.controller.SysMenuController.updateById()', 'PUT', 'MANAGE', 'admin', '', '/admin/auth/sysMenu/update', '127.0.0.1', '{\"code\":\"sysPost\",\"select\":false,\"level\":2,\"toCode\":\"\",\"updateTime\":1653957062000,\"type\":1,\"parentId\":2,\"path\":\"sysPost\",\"sortValue\":0,\"component\":\"auth/sysPost/list\",\"isDeleted\":0,\"children\":[{\"code\":\"bnt.sysPost.list\",\"select\":false,\"level\":3,\"toCode\":\"\",\"updateTime\":1653959708000,\"type\":2,\"parentId\":22,\"isDeleted\":0,\"children\":[],\"createTime\":1653359145000,\"param\":{},\"name\":\"查看\",\"perms\":\"bnt.sysPost.list\",\"id\":23,\"status\":1},{\"code\":\"bnt.sysPost.add\",\"select\":false,\"level\":3,\"toCode\":\"\",\"updateTime\":1653959708000,\"type\":2,\"parentId\":22,\"isDeleted\":0,\"children\":[],\"createTime\":1653463964000,\"param\":{},\"name\":\"添加\",\"perms\":\"bnt.sysPost.add\",\"id\":27,\"status\":1},{\"code\":\"bnt.sysPost.update\",\"select\":false,\"level\":3,\"toCode\":\"\",\"updateTime\":1653959708000,\"type\":2,\"parentId\":22,\"isDeleted\":0,\"children\":[],\"createTime\":1653463978000,\"param\":{},\"name\":\"修改\",\"perms\":\"bnt.sysPost.update\",\"id\":28,\"status\":1},{\"code\":\"bnt.sysPost.remove\",\"select\":false,\"level\":3,\"toCode\":\"\",\"updateTime\":1653959708000,\"type\":2,\"parentId\":22,\"isDeleted\":0,\"children\":[],\"createTime\":1653463991000,\"param\":{},\"name\":\"删除\",\"perms\":\"bnt.sysPost.remove\",\"id\":29,\"status\":1}],\"createTime\":1653359130000,\"param\":{},\"name\":\"岗位管理\",\"perms\":\"bnt.sysPost.list\",\"id\":22,\"status\":1}', '{\"code\":200,\"message\":\"成功\"}', 1, '', NULL, '2022-05-31 09:42:04', NULL, 0);
INSERT INTO `sys_oper_log` VALUES (31, '菜单管理', 'UPDATE', 'com.atguigu.auth.controller.SysMenuController.updateById()', 'PUT', 'MANAGE', 'admin', '', '/admin/auth/sysMenu/update', '127.0.0.1', '{\"code\":\"sysOperLog\",\"select\":false,\"level\":2,\"toCode\":\"\",\"updateTime\":1653957062000,\"type\":1,\"parentId\":2,\"path\":\"sysOperLog\",\"sortValue\":0,\"component\":\"auth/sysOperLog/list\",\"isDeleted\":0,\"children\":[{\"code\":\"bnt.sysOperLog.list\",\"select\":false,\"level\":3,\"toCode\":\"\",\"updateTime\":1653959708000,\"type\":2,\"parentId\":30,\"isDeleted\":0,\"children\":[],\"createTime\":1653552617000,\"param\":{},\"name\":\"查看\",\"perms\":\"bnt.sysOperLog.list\",\"id\":31,\"status\":1}],\"createTime\":1653552599000,\"param\":{},\"name\":\"操作日志\",\"perms\":\"bnt.sysOperLog.list\",\"id\":30,\"status\":1}', '{\"code\":200,\"message\":\"成功\"}', 1, '', NULL, '2022-05-31 09:42:09', NULL, 0);
INSERT INTO `sys_oper_log` VALUES (32, '菜单管理', 'UPDATE', 'com.atguigu.auth.controller.SysMenuController.updateById()', 'PUT', 'MANAGE', 'admin', '', '/admin/auth/sysMenu/update', '127.0.0.1', '{\"code\":\"sysLoginLog\",\"select\":false,\"level\":2,\"toCode\":\"\",\"updateTime\":1653957062000,\"type\":1,\"parentId\":2,\"path\":\"sysLoginLog\",\"sortValue\":0,\"component\":\"auth/sysLoginLog/list\",\"isDeleted\":0,\"children\":[{\"code\":\"bnt.sysLoginLog.list\",\"select\":false,\"level\":3,\"toCode\":\"\",\"updateTime\":1653957062000,\"type\":1,\"parentId\":32,\"isDeleted\":0,\"children\":[],\"createTime\":1653554191000,\"param\":{},\"name\":\"查看\",\"id\":33,\"status\":1}],\"createTime\":1653554173000,\"param\":{},\"name\":\"登录日志\",\"perms\":\" bnt.sysLoginLog.list\",\"id\":32,\"status\":1}', '{\"code\":200,\"message\":\"成功\"}', 1, '', NULL, '2022-05-31 09:42:15', NULL, 0);
INSERT INTO `sys_oper_log` VALUES (33, '菜单管理', 'INSERT', 'com.atguigu.system.controller.SysMenuController.save()', 'POST', 'MANAGE', 'admin', '', '/admin/system/sysMenu/save', '127.0.0.1', '{\"select\":false,\"icon\":\"\",\"type\":0,\"parentId\":2,\"path\":\"log\",\"sortValue\":1,\"component\":\"\",\"param\":{},\"name\":\"日志管理\",\"perms\":\"\",\"id\":34,\"status\":1}', '{\"code\":200,\"message\":\"成功\"}', 1, '', NULL, '2022-05-31 13:23:07', NULL, 0);
INSERT INTO `sys_oper_log` VALUES (34, '菜单管理', 'INSERT', 'com.atguigu.system.controller.SysMenuController.save()', 'POST', 'MANAGE', 'admin', '', '/admin/system/sysMenu/save', '127.0.0.1', '{\"select\":false,\"visible\":1,\"icon\":\"\",\"type\":0,\"parentId\":0,\"path\":\"order\",\"sortValue\":1,\"component\":\"Layout\",\"param\":{},\"name\":\"订单管理\",\"perms\":\"\",\"id\":35,\"status\":1}', '{\"code\":200,\"message\":\"成功\"}', 1, '', NULL, '2022-05-31 13:57:50', NULL, 0);
INSERT INTO `sys_oper_log` VALUES (35, '菜单管理', 'INSERT', 'com.atguigu.system.controller.SysMenuController.save()', 'POST', 'MANAGE', 'admin', '', '/admin/system/sysMenu/save', '127.0.0.1', '{\"select\":false,\"visible\":1,\"icon\":\"\",\"type\":1,\"parentId\":35,\"path\":\"orderInfo\",\"sortValue\":1,\"component\":\"order/orderInfo/list\",\"param\":{},\"name\":\"订单列表\",\"perms\":\"bnt.orderInfo.list\",\"id\":36,\"status\":1}', '{\"code\":200,\"message\":\"成功\"}', 1, '', NULL, '2022-05-31 13:58:37', NULL, 0);
INSERT INTO `sys_oper_log` VALUES (36, '岗位管理', 'INSERT', 'com.atguigu.system.controller.SysPostController.save()', 'POST', 'MANAGE', 'admin', '', '/admin/system/sysPost/save', '127.0.0.1', '{\"param\":{},\"name\":\"运营总监\",\"description\":\"\",\"postCode\":\"yyzj\",\"id\":8,\"status\":1}', '{\"code\":200,\"message\":\"成功\"}', 1, '', NULL, '2022-06-08 17:14:21', NULL, 0);
INSERT INTO `sys_oper_log` VALUES (37, '角色管理', 'INSERT', 'com.atguigu.system.controller.SysRoleController.save()', 'POST', 'MANAGE', 'admin', '', '/admin/system/sysRole/save', '127.0.0.1', '{\"param\":{},\"roleCode\":\"\",\"roleName\":\"\",\"id\":8}', '{\"code\":200,\"message\":\"成功\"}', 1, '', NULL, '2022-06-08 17:39:04', NULL, 0);
INSERT INTO `sys_oper_log` VALUES (38, '角色管理', 'UPDATE', 'com.atguigu.system.controller.SysRoleController.updateById()', 'PUT', 'MANAGE', 'admin', '', '/admin/system/sysRole/update', '127.0.0.1', '{\"isDeleted\":0,\"createTime\":1654681144000,\"param\":{},\"roleCode\":\"\",\"roleName\":\"\",\"updateTime\":1654681144000,\"id\":8}', '{\"code\":200,\"message\":\"成功\"}', 1, '', NULL, '2022-06-08 17:39:08', NULL, 0);
INSERT INTO `sys_oper_log` VALUES (39, '角色管理', 'UPDATE', 'com.atguigu.system.controller.SysRoleController.updateById()', 'PUT', 'MANAGE', 'admin', '', '/admin/system/sysRole/update', '127.0.0.1', '{\"isDeleted\":0,\"createTime\":1654681144000,\"param\":{},\"roleCode\":\"\",\"roleName\":\"\",\"updateTime\":1654681144000,\"id\":8}', '{\"code\":200,\"message\":\"成功\"}', 1, '', NULL, '2022-06-08 17:39:41', NULL, 0);
INSERT INTO `sys_oper_log` VALUES (40, '角色管理', 'UPDATE', 'com.atguigu.system.controller.SysRoleController.updateById()', 'PUT', 'MANAGE', 'admin', '', '/admin/system/sysRole/update', '127.0.0.1', '{\"isDeleted\":0,\"createTime\":1654681144000,\"param\":{},\"roleCode\":\"yhgly\",\"roleName\":\"用户管理员\",\"updateTime\":1654681144000,\"id\":8}', '{\"code\":200,\"message\":\"成功\"}', 1, '', NULL, '2022-06-08 17:42:46', NULL, 0);
INSERT INTO `sys_oper_log` VALUES (41, '菜单管理', 'INSERT', 'com.atguigu.system.controller.SysMenuController.save()', 'POST', 'MANAGE', 'admin', '', '/admin/system/sysMenu/save', '127.0.0.1', '{\"select\":false,\"icon\":\"el-icon-phone\",\"type\":0,\"parentId\":0,\"path\":\"order\",\"sortValue\":1,\"component\":\"Layout\",\"param\":{},\"name\":\"订单管理\",\"perms\":\"\",\"id\":35,\"status\":1}', '{\"code\":200,\"message\":\"成功\"}', 1, '', NULL, '2022-06-09 08:50:13', NULL, 0);
INSERT INTO `sys_oper_log` VALUES (42, '菜单管理', 'UPDATE', 'com.atguigu.system.controller.SysMenuController.updateById()', 'PUT', 'MANAGE', 'admin', '', '/admin/system/sysMenu/update', '127.0.0.1', '{\"select\":false,\"icon\":\"el-icon-phone\",\"updateTime\":1654735813000,\"type\":0,\"parentId\":0,\"path\":\"order\",\"sortValue\":1,\"component\":\"Layout\",\"isDeleted\":0,\"children\":[],\"createTime\":1654735813000,\"param\":{},\"name\":\"订单管理\",\"perms\":\"\",\"id\":35,\"status\":1}', '{\"code\":200,\"message\":\"成功\"}', 1, '', NULL, '2022-06-09 08:50:22', NULL, 0);
INSERT INTO `sys_oper_log` VALUES (43, '菜单管理', 'INSERT', 'com.atguigu.system.controller.SysMenuController.save()', 'POST', 'MANAGE', 'admin', '', '/admin/system/sysMenu/save', '127.0.0.1', '{\"select\":false,\"icon\":\"el-icon-s-help\",\"type\":1,\"parentId\":35,\"path\":\"orderInfo\",\"sortValue\":1,\"component\":\"order/orderInfo/list\",\"param\":{},\"name\":\"订单列表\",\"perms\":\"bnt.orderInfo.list\",\"id\":36,\"status\":1}', '{\"code\":200,\"message\":\"成功\"}', 1, '', NULL, '2022-06-09 08:51:22', NULL, 0);
INSERT INTO `sys_oper_log` VALUES (44, '菜单管理', 'INSERT', 'com.atguigu.system.controller.SysMenuController.save()', 'POST', 'MANAGE', 'admin', '', '/admin/system/sysMenu/save', '127.0.0.1', '{\"select\":false,\"icon\":\"\",\"type\":2,\"parentId\":36,\"path\":\"\",\"sortValue\":1,\"component\":\"\",\"param\":{},\"name\":\"添加\",\"perms\":\"bnt.add\",\"id\":37,\"status\":1}', '{\"code\":200,\"message\":\"成功\"}', 1, '', NULL, '2022-06-09 08:52:37', NULL, 0);
INSERT INTO `sys_oper_log` VALUES (45, '菜单管理', 'DELETE', 'com.atguigu.system.controller.SysMenuController.remove()', 'DELETE', 'MANAGE', 'admin', '', '/admin/system/sysMenu/remove/37', '127.0.0.1', '', '{\"code\":200,\"message\":\"成功\"}', 1, '', NULL, '2022-06-09 08:53:01', NULL, 0);
INSERT INTO `sys_oper_log` VALUES (46, '菜单管理', 'DELETE', 'com.atguigu.system.controller.SysMenuController.remove()', 'DELETE', 'MANAGE', 'admin', '', '/admin/system/sysMenu/remove/36', '127.0.0.1', '', '{\"code\":200,\"message\":\"成功\"}', 1, '', NULL, '2022-06-09 08:53:04', NULL, 0);
INSERT INTO `sys_oper_log` VALUES (47, '菜单管理', 'DELETE', 'com.atguigu.system.controller.SysMenuController.remove()', 'DELETE', 'MANAGE', 'admin', '', '/admin/system/sysMenu/remove/35', '127.0.0.1', '', '{\"code\":200,\"message\":\"成功\"}', 1, '', NULL, '2022-06-09 08:53:06', NULL, 0);
INSERT INTO `sys_oper_log` VALUES (48, '菜单管理', 'UPDATE', 'com.atguigu.system.controller.SysMenuController.updateById()', 'PUT', 'MANAGE', 'admin', '', '/admin/system/sysMenu/update', '127.0.0.1', '{\"select\":false,\"icon\":\"el-icon-s-custom\",\"updateTime\":1654737767000,\"type\":1,\"parentId\":2,\"path\":\"sysUser\",\"sortValue\":1,\"component\":\"system/sysUser/list\",\"isDeleted\":0,\"children\":[{\"select\":false,\"updateTime\":1654737758000,\"type\":2,\"parentId\":3,\"sortValue\":1,\"isDeleted\":0,\"children\":[],\"createTime\":1622455537000,\"param\":{},\"name\":\"查看\",\"perms\":\"bnt.sysUser.list\",\"id\":6,\"status\":1},{\"select\":false,\"updateTime\":1654737758000,\"type\":2,\"parentId\":3,\"sortValue\":1,\"isDeleted\":0,\"children\":[],\"createTime\":1622455537000,\"param\":{},\"name\":\"添加\",\"perms\":\"bnt.sysUser.add\",\"id\":7,\"status\":1},{\"select\":false,\"updateTime\":1654737758000,\"type\":2,\"parentId\":3,\"sortValue\":1,\"isDeleted\":0,\"children\":[],\"createTime\":1622455537000,\"param\":{},\"name\":\"修改\",\"perms\":\"bnt.sysUser.update\",\"id\":8,\"status\":1},{\"select\":false,\"updateTime\":1654737758000,\"type\":2,\"parentId\":3,\"sortValue\":1,\"isDeleted\":0,\"children\":[],\"createTime\":1622455537000,\"param\":{},\"name\":\"删除\",\"perms\":\"bnt.sysUser.remove\",\"id\":9,\"status\":1},{\"select\":false,\"updateTime\":1654737758000,\"type\":2,\"parentId\":3,\"sortValue\":1,\"isDeleted\":0,\"children\":[],\"createTime\":1653297272000,\"param\":{},\"name\":\"分配角色\",\"perms\":\"bnt.sysUser.assignRole\",\"id\":18,\"status\":1}],\"createTime\":1622455537000,\"param\":{},\"name\":\"用户管理\",\"perms\":\"\",\"id\":3,\"status\":1}', '{\"code\":200,\"message\":\"成功\"}', 1, '', NULL, '2022-06-09 09:24:01', NULL, 0);
INSERT INTO `sys_oper_log` VALUES (49, '菜单管理', 'UPDATE', 'com.atguigu.system.controller.SysMenuController.updateById()', 'PUT', 'MANAGE', 'admin', '', '/admin/system/sysMenu/update', '127.0.0.1', '{\"select\":false,\"icon\":\"el-icon-user-solid\",\"updateTime\":1654737768000,\"type\":1,\"parentId\":2,\"path\":\"sysRole\",\"sortValue\":1,\"component\":\"system/sysRole/list\",\"isDeleted\":0,\"children\":[{\"select\":false,\"updateTime\":1654737758000,\"type\":2,\"parentId\":4,\"sortValue\":1,\"isDeleted\":0,\"children\":[],\"createTime\":1622455537000,\"param\":{},\"name\":\"查看\",\"perms\":\"bnt.sysRole.list\",\"id\":10,\"status\":1},{\"select\":false,\"updateTime\":1654737758000,\"type\":2,\"parentId\":4,\"sortValue\":1,\"isDeleted\":0,\"children\":[],\"createTime\":1622455537000,\"param\":{},\"name\":\"添加\",\"perms\":\"bnt.sysRole.add\",\"id\":11,\"status\":1},{\"select\":false,\"updateTime\":1654737758000,\"type\":2,\"parentId\":4,\"sortValue\":1,\"isDeleted\":0,\"children\":[],\"createTime\":1622455537000,\"param\":{},\"name\":\"修改\",\"perms\":\"bnt.sysRole.update\",\"id\":12,\"status\":1},{\"select\":false,\"updateTime\":1654737758000,\"type\":2,\"parentId\":4,\"sortValue\":1,\"isDeleted\":0,\"children\":[],\"createTime\":1622455537000,\"param\":{},\"name\":\"删除\",\"perms\":\"bnt.sysRole.remove\",\"id\":13,\"status\":1},{\"select\":false,\"updateTime\":1654737758000,\"type\":2,\"parentId\":4,\"path\":\"\",\"sortValue\":1,\"component\":\"\",\"isDeleted\":0,\"children\":[],\"createTime\":1653297494000,\"param\":{},\"name\":\"分配权限\",\"perms\":\"bnt.sysRole.assignAuth\",\"id\":19,\"status\":1}],\"createTime\":1622455537000,\"param\":{},\"name\":\"角色管理\",\"perms\":\"\",\"id\":4,\"status\":1}', '{\"code\":200,\"message\":\"成功\"}', 1, '', NULL, '2022-06-09 09:24:10', NULL, 0);
INSERT INTO `sys_oper_log` VALUES (50, '菜单管理', 'UPDATE', 'com.atguigu.system.controller.SysMenuController.updateById()', 'PUT', 'MANAGE', 'admin', '', '/admin/system/sysMenu/update', '127.0.0.1', '{\"select\":false,\"icon\":\"el-icon-s-unfold\",\"updateTime\":1654737769000,\"type\":1,\"parentId\":2,\"path\":\"sysMenu\",\"sortValue\":1,\"component\":\"system/sysMenu/list\",\"isDeleted\":0,\"children\":[{\"select\":false,\"updateTime\":1654737758000,\"type\":2,\"parentId\":5,\"sortValue\":1,\"isDeleted\":0,\"children\":[],\"createTime\":1622455537000,\"param\":{},\"name\":\"查看\",\"perms\":\"bnt.sysMenu.list\",\"id\":14,\"status\":1},{\"select\":false,\"updateTime\":1654737758000,\"type\":2,\"parentId\":5,\"sortValue\":1,\"isDeleted\":0,\"children\":[],\"createTime\":1622455537000,\"param\":{},\"name\":\"添加\",\"perms\":\"bnt.sysMenu.add\",\"id\":15,\"status\":1},{\"select\":false,\"updateTime\":1654737758000,\"type\":2,\"parentId\":5,\"sortValue\":1,\"isDeleted\":0,\"children\":[],\"createTime\":1622455537000,\"param\":{},\"name\":\"修改\",\"perms\":\"bnt.sysMenu.update\",\"id\":16,\"status\":1},{\"select\":false,\"updateTime\":1654737758000,\"type\":2,\"parentId\":5,\"sortValue\":1,\"isDeleted\":0,\"children\":[],\"createTime\":1622455537000,\"param\":{},\"name\":\"删除\",\"perms\":\"bnt.sysMenu.remove\",\"id\":17,\"status\":1}],\"createTime\":1622455537000,\"param\":{},\"name\":\"菜单管理\",\"perms\":\"\",\"id\":5,\"status\":1}', '{\"code\":200,\"message\":\"成功\"}', 1, '', NULL, '2022-06-09 09:24:21', NULL, 0);
INSERT INTO `sys_oper_log` VALUES (51, '菜单管理', 'UPDATE', 'com.atguigu.system.controller.SysMenuController.updateById()', 'PUT', 'MANAGE', 'admin', '', '/admin/system/sysMenu/update', '127.0.0.1', '{\"select\":false,\"icon\":\"el-icon-s-operation\",\"updateTime\":1654737776000,\"type\":1,\"parentId\":2,\"path\":\"sysDept\",\"sortValue\":1,\"component\":\"system/sysDept/list\",\"isDeleted\":0,\"children\":[{\"select\":false,\"updateTime\":1654737758000,\"type\":2,\"parentId\":20,\"sortValue\":1,\"isDeleted\":0,\"children\":[],\"createTime\":1653358064000,\"param\":{},\"name\":\"查看\",\"perms\":\"bnt.sysDept.list\",\"id\":21,\"status\":1},{\"select\":false,\"updateTime\":1654737758000,\"type\":2,\"parentId\":20,\"sortValue\":1,\"isDeleted\":0,\"children\":[],\"createTime\":1653463887000,\"param\":{},\"name\":\"添加\",\"perms\":\"bnt.sysDept.add\",\"id\":24,\"status\":1},{\"select\":false,\"updateTime\":1654737758000,\"type\":2,\"parentId\":20,\"sortValue\":1,\"isDeleted\":0,\"children\":[],\"createTime\":1653463901000,\"param\":{},\"name\":\"修改\",\"perms\":\"bnt.sysDept.update\",\"id\":25,\"status\":1},{\"select\":false,\"updateTime\":1654737758000,\"type\":2,\"parentId\":20,\"sortValue\":1,\"isDeleted\":0,\"children\":[],\"createTime\":1653463919000,\"param\":{},\"name\":\"删除\",\"perms\":\"bnt.sysDept.remove\",\"id\":26,\"status\":1}],\"createTime\":1653358025000,\"param\":{},\"name\":\"部门管理\",\"perms\":\"\",\"id\":20,\"status\":1}', '{\"code\":200,\"message\":\"成功\"}', 1, '', NULL, '2022-06-09 09:24:28', NULL, 0);
INSERT INTO `sys_oper_log` VALUES (52, '菜单管理', 'UPDATE', 'com.atguigu.system.controller.SysMenuController.updateById()', 'PUT', 'MANAGE', 'admin', '', '/admin/system/sysMenu/update', '127.0.0.1', '{\"select\":false,\"icon\":\"el-icon-more-outline\",\"updateTime\":1654737777000,\"type\":1,\"parentId\":2,\"path\":\"sysPost\",\"sortValue\":1,\"component\":\"system/sysPost/list\",\"isDeleted\":0,\"children\":[{\"select\":false,\"updateTime\":1654737758000,\"type\":2,\"parentId\":22,\"sortValue\":1,\"isDeleted\":0,\"children\":[],\"createTime\":1653359145000,\"param\":{},\"name\":\"查看\",\"perms\":\"bnt.sysPost.list\",\"id\":23,\"status\":1},{\"select\":false,\"updateTime\":1654737758000,\"type\":2,\"parentId\":22,\"sortValue\":1,\"isDeleted\":0,\"children\":[],\"createTime\":1653463964000,\"param\":{},\"name\":\"添加\",\"perms\":\"bnt.sysPost.add\",\"id\":27,\"status\":1},{\"select\":false,\"updateTime\":1654737758000,\"type\":2,\"parentId\":22,\"sortValue\":1,\"isDeleted\":0,\"children\":[],\"createTime\":1653463978000,\"param\":{},\"name\":\"修改\",\"perms\":\"bnt.sysPost.update\",\"id\":28,\"status\":1},{\"select\":false,\"updateTime\":1654737758000,\"type\":2,\"parentId\":22,\"sortValue\":1,\"isDeleted\":0,\"children\":[],\"createTime\":1653463991000,\"param\":{},\"name\":\"删除\",\"perms\":\"bnt.sysPost.remove\",\"id\":29,\"status\":1}],\"createTime\":1653359130000,\"param\":{},\"name\":\"岗位管理\",\"perms\":\"\",\"id\":22,\"status\":1}', '{\"code\":200,\"message\":\"成功\"}', 1, '', NULL, '2022-06-09 09:24:35', NULL, 0);
INSERT INTO `sys_oper_log` VALUES (53, '菜单管理', 'UPDATE', 'com.atguigu.system.controller.SysMenuController.updateById()', 'PUT', 'MANAGE', 'admin', '', '/admin/system/sysMenu/update', '127.0.0.1', '{\"select\":false,\"icon\":\"el-icon-tickets\",\"updateTime\":1653974966000,\"type\":0,\"parentId\":2,\"path\":\"log\",\"sortValue\":1,\"component\":\"ParentView\",\"isDeleted\":0,\"children\":[{\"select\":false,\"updateTime\":1654737785000,\"type\":1,\"parentId\":34,\"path\":\"sysOperLog\",\"sortValue\":1,\"component\":\"system/sysOperLog/list\",\"isDeleted\":0,\"children\":[{\"select\":false,\"updateTime\":1654737758000,\"type\":2,\"parentId\":30,\"sortValue\":1,\"isDeleted\":0,\"children\":[],\"createTime\":1653552617000,\"param\":{},\"name\":\"查看\",\"perms\":\"bnt.sysOperLog.list\",\"id\":31,\"status\":1}],\"createTime\":1653552599000,\"param\":{},\"name\":\"操作日志\",\"perms\":\"\",\"id\":30,\"status\":1},{\"select\":false,\"updateTime\":1654737787000,\"type\":1,\"parentId\":34,\"path\":\"sysLoginLog\",\"sortValue\":1,\"component\":\"system/sysLoginLog/list\",\"isDeleted\":0,\"children\":[{\"select\":false,\"updateTime\":1654737758000,\"type\":2,\"parentId\":32,\"sortValue\":1,\"isDeleted\":0,\"children\":[],\"createTime\":1653554191000,\"param\":{},\"name\":\"查看\",\"id\":33,\"status\":1}],\"createTime\":1653554173000,\"param\":{},\"name\":\"登录日志\",\"perms\":\"\",\"id\":32,\"status\":1}],\"createTime\":1653974587000,\"param\":{},\"name\":\"日志管理\",\"perms\":\"\",\"id\":34,\"status\":1}', '{\"code\":200,\"message\":\"成功\"}', 1, '', NULL, '2022-06-09 09:24:46', NULL, 0);
INSERT INTO `sys_oper_log` VALUES (54, '菜单管理', 'UPDATE', 'com.atguigu.system.controller.SysMenuController.updateById()', 'PUT', 'MANAGE', 'admin', '', '/admin/system/sysMenu/update', '127.0.0.1', '{\"select\":false,\"icon\":\"el-icon-document-remove\",\"updateTime\":1654737785000,\"type\":1,\"parentId\":34,\"path\":\"sysOperLog\",\"sortValue\":1,\"component\":\"system/sysOperLog/list\",\"isDeleted\":0,\"children\":[{\"select\":false,\"updateTime\":1654737758000,\"type\":2,\"parentId\":30,\"sortValue\":1,\"isDeleted\":0,\"children\":[],\"createTime\":1653552617000,\"param\":{},\"name\":\"查看\",\"perms\":\"bnt.sysOperLog.list\",\"id\":31,\"status\":1}],\"createTime\":1653552599000,\"param\":{},\"name\":\"操作日志\",\"perms\":\"\",\"id\":30,\"status\":1}', '{\"code\":200,\"message\":\"成功\"}', 1, '', NULL, '2022-06-09 09:24:55', NULL, 0);
INSERT INTO `sys_oper_log` VALUES (55, '菜单管理', 'UPDATE', 'com.atguigu.system.controller.SysMenuController.updateById()', 'PUT', 'MANAGE', 'admin', '', '/admin/system/sysMenu/update', '127.0.0.1', '{\"select\":false,\"icon\":\"el-icon-s-goods\",\"updateTime\":1654737787000,\"type\":1,\"parentId\":34,\"path\":\"sysLoginLog\",\"sortValue\":1,\"component\":\"system/sysLoginLog/list\",\"isDeleted\":0,\"children\":[{\"select\":false,\"updateTime\":1654737758000,\"type\":2,\"parentId\":32,\"sortValue\":1,\"isDeleted\":0,\"children\":[],\"createTime\":1653554191000,\"param\":{},\"name\":\"查看\",\"id\":33,\"status\":1}],\"createTime\":1653554173000,\"param\":{},\"name\":\"登录日志\",\"perms\":\"\",\"id\":32,\"status\":1}', '{\"code\":200,\"message\":\"成功\"}', 1, '', NULL, '2022-06-09 09:25:07', NULL, 0);
INSERT INTO `sys_oper_log` VALUES (56, '用户管理', 'DELETE', 'com.atguigu.system.controller.SysUserController.remove()', 'DELETE', 'MANAGE', 'admin', '', '/admin/system/sysUser/remove/4', '127.0.0.1', '', '{\"code\":200,\"message\":\"成功\"}', 1, '', NULL, '2022-06-09 09:25:21', NULL, 0);
INSERT INTO `sys_oper_log` VALUES (57, '菜单管理', 'UPDATE', 'com.atguigu.system.controller.SysMenuController.updateById()', 'PUT', 'MANAGE', 'admin', '', '/admin/system/sysMenu/update', '127.0.0.1', '{\"select\":false,\"updateTime\":1654737758000,\"type\":2,\"parentId\":4,\"path\":\"assignAuth\",\"sortValue\":1,\"component\":\"system/sysRole/assignAuth\",\"isDeleted\":0,\"children\":[],\"createTime\":1653297494000,\"param\":{},\"name\":\"分配权限\",\"perms\":\"bnt.sysRole.assignAuth\",\"id\":19,\"status\":1}', '{\"code\":200,\"message\":\"成功\"}', 1, '', NULL, '2022-06-09 09:26:07', NULL, 0);
INSERT INTO `sys_oper_log` VALUES (58, '角色管理', 'ASSGIN', 'com.atguigu.system.controller.SysMenuController.doAssign()', 'POST', 'MANAGE', 'admin', '', '/admin/system/sysMenu/doAssign', '127.0.0.1', '{\"roleId\":2,\"menuIdList\":[2,3,6,7,8,5,14,20,21]}', '{\"code\":200,\"message\":\"成功\"}', 1, '', NULL, '2022-06-09 09:26:34', NULL, 0);
INSERT INTO `sys_oper_log` VALUES (59, '菜单管理', 'INSERT', 'com.atguigu.system.controller.SysMenuController.save()', 'POST', 'MANAGE', 'admin', '', '/admin/system/sysMenu/save', '127.0.0.1', '{\"select\":false,\"icon\":\"el-icon-s-help\",\"type\":0,\"parentId\":0,\"path\":\"vod\",\"sortValue\":1,\"component\":\"Layout\",\"param\":{},\"name\":\"点播管理\",\"perms\":\"\",\"id\":35,\"status\":1}', '{\"code\":200,\"message\":\"成功\"}', 1, '', NULL, '2022-06-10 15:26:53', NULL, 0);
INSERT INTO `sys_oper_log` VALUES (60, '菜单管理', 'INSERT', 'com.atguigu.system.controller.SysMenuController.save()', 'POST', 'MANAGE', 'admin', '', '/admin/system/sysMenu/save', '127.0.0.1', '{\"select\":false,\"icon\":\"el-icon-phone\",\"type\":1,\"parentId\":35,\"path\":\"teacher/list\",\"sortValue\":1,\"component\":\"vod/teacher/list\",\"param\":{},\"name\":\"讲师列表\",\"perms\":\"\",\"id\":36,\"status\":1}', '{\"code\":200,\"message\":\"成功\"}', 1, '', NULL, '2022-06-10 15:27:38', NULL, 0);
INSERT INTO `sys_oper_log` VALUES (61, '菜单管理', 'INSERT', 'com.atguigu.system.controller.SysMenuController.save()', 'POST', 'MANAGE', 'admin', '', '/admin/system/sysMenu/save', '127.0.0.1', '{\"select\":false,\"icon\":\"\",\"type\":2,\"parentId\":36,\"path\":\"teacher/create\",\"sortValue\":1,\"component\":\"vod/teacher/form\",\"param\":{},\"name\":\"添加\",\"perms\":\"bnt.teacher.add\",\"id\":37,\"status\":1}', '{\"code\":200,\"message\":\"成功\"}', 1, '', NULL, '2022-06-10 15:28:27', NULL, 0);
INSERT INTO `sys_oper_log` VALUES (62, '菜单管理', 'INSERT', 'com.atguigu.system.controller.SysMenuController.save()', 'POST', 'MANAGE', 'admin', '', '/admin/system/sysMenu/save', '127.0.0.1', '{\"select\":false,\"icon\":\"\",\"type\":2,\"parentId\":36,\"path\":\"teacher/edit/:id\",\"sortValue\":1,\"component\":\"vod/teacher/form\",\"param\":{},\"name\":\"修改\",\"perms\":\"bnt.teacher.update\",\"id\":38,\"status\":1}', '{\"code\":200,\"message\":\"成功\"}', 1, '', NULL, '2022-06-10 15:29:13', NULL, 0);
INSERT INTO `sys_oper_log` VALUES (63, '菜单管理', 'INSERT', 'com.atguigu.system.controller.SysMenuController.save()', 'POST', 'MANAGE', 'admin', '', '/admin/system/sysMenu/save', '127.0.0.1', '{\"select\":false,\"icon\":\"\",\"type\":2,\"parentId\":36,\"path\":\"\",\"sortValue\":1,\"component\":\"\",\"param\":{},\"name\":\"查看\",\"perms\":\"bnt.teacher.list\",\"id\":39,\"status\":1}', '{\"code\":200,\"message\":\"成功\"}', 1, '', NULL, '2022-06-10 15:35:30', NULL, 0);
INSERT INTO `sys_oper_log` VALUES (1633519575393026050, '用户管理', 'EXPORT', 'com.eldpepar.controller.SysUserController.list()', 'GET', 'MANAGE', 'admin', '', '/admin/system/sysUser/1/5', '0:0:0:0:0:0:0:1', '', '{\"code\":200,\"data\":{\"current\":1,\"hitCount\":false,\"optimizeCountSql\":true,\"orders\":[],\"pages\":2,\"records\":[{\"createTime\":1678281757000,\"id\":\"1633458199165333506\",\"isDeleted\":0,\"name\":\"赵六6666\",\"param\":{},\"password\":\"e10adc3949ba59abbe56e057f20f883e\",\"phone\":\"12414141241\",\"updateTime\":1678281757000,\"username\":\"赵六\"},{\"createTime\":1678192624000,\"headUrl\":\"https://www.eldpepar.com/favicon.ico\",\"id\":\"9\",\"isDeleted\":0,\"name\":\"王五\",\"param\":{},\"password\":\"e10adc3949ba59abbe56e057f20f883e\",\"phone\":\"13030504054\",\"postId\":6,\"status\":1,\"updateTime\":1678253461000,\"username\":\"wangwu\"},{\"createTime\":1678192586000,\"headUrl\":\"https://www.eldpepar.com/favicon.ico\",\"id\":\"6\",\"isDeleted\":0,\"name\":\"李刚\",\"param\":{},\"password\":\"e10adc3949ba59abbe56e057f20f883e\",\"phone\":\"13030504054\",\"postId\":6,\"status\":1,\"updateTime\":1678253724000,\"username\":\"ligang\"},{\"createTime\":1678192406000,\"headUrl\":\"https://www.eldpepar.com/favicon.ico\",\"id\":\"4\",\"isDeleted\":0,\"name\":\"王刚\",\"param\":{},\"password\":\"e10adc3949ba59abbe56e057f20f883e\",\"phone\":\"13030504054\",\"postId\":7,\"status\":1,\"updateTime\":1678253714000,\"username\":\"wanggang\"},{\"createTime\":1644287738000,\"deptId\":1022,\"headUrl\":\"http://r61cnlsfq.hn-bkt.clouddn.com/b09b3467-3d99-437a-bd2e-dd8c9be92bb8\",\"id\":\"2\",\"isDeleted\":0,\"name\":\"王倩倩\",\"param\":{},\"password\":\"e10adc3949ba59abbe56e057f20f883e\",\"phone\":\"15010546381\",\"postId\":6,\"status\":1,\"updateTime\":1678253452000,\"username\":\"wangqq\"}],\"searchCount\":true,\"size\":5,\"total\":6},\"message\":\"成功\"}', 1, '', NULL, '2023-03-09 01:26:30', NULL, 0);
INSERT INTO `sys_oper_log` VALUES (1633520179507019777, '用户管理', 'EXPORT', 'com.eldpepar.controller.SysUserController.list()', 'GET', 'MANAGE', 'admin', '', '/admin/system/sysUser/1/5', '0:0:0:0:0:0:0:1', '', '{\"code\":200,\"data\":{\"current\":1,\"hitCount\":false,\"optimizeCountSql\":true,\"orders\":[],\"pages\":2,\"records\":[{\"createTime\":1678281757000,\"id\":\"1633458199165333506\",\"isDeleted\":0,\"name\":\"赵六6666\",\"param\":{},\"password\":\"e10adc3949ba59abbe56e057f20f883e\",\"phone\":\"12414141241\",\"updateTime\":1678281757000,\"username\":\"赵六\"},{\"createTime\":1678192624000,\"headUrl\":\"https://www.eldpepar.com/favicon.ico\",\"id\":\"9\",\"isDeleted\":0,\"name\":\"王五\",\"param\":{},\"password\":\"e10adc3949ba59abbe56e057f20f883e\",\"phone\":\"13030504054\",\"postId\":6,\"status\":1,\"updateTime\":1678253461000,\"username\":\"wangwu\"},{\"createTime\":1678192586000,\"headUrl\":\"https://www.eldpepar.com/favicon.ico\",\"id\":\"6\",\"isDeleted\":0,\"name\":\"李刚\",\"param\":{},\"password\":\"e10adc3949ba59abbe56e057f20f883e\",\"phone\":\"13030504054\",\"postId\":6,\"status\":1,\"updateTime\":1678253724000,\"username\":\"ligang\"},{\"createTime\":1678192406000,\"headUrl\":\"https://www.eldpepar.com/favicon.ico\",\"id\":\"4\",\"isDeleted\":0,\"name\":\"王刚\",\"param\":{},\"password\":\"e10adc3949ba59abbe56e057f20f883e\",\"phone\":\"13030504054\",\"postId\":7,\"status\":1,\"updateTime\":1678253714000,\"username\":\"wanggang\"},{\"createTime\":1644287738000,\"deptId\":1022,\"headUrl\":\"http://r61cnlsfq.hn-bkt.clouddn.com/b09b3467-3d99-437a-bd2e-dd8c9be92bb8\",\"id\":\"2\",\"isDeleted\":0,\"name\":\"王倩倩\",\"param\":{},\"password\":\"e10adc3949ba59abbe56e057f20f883e\",\"phone\":\"15010546381\",\"postId\":6,\"status\":1,\"updateTime\":1678253452000,\"username\":\"wangqq\"}],\"searchCount\":true,\"size\":5,\"total\":6},\"message\":\"成功\"}', 1, '', NULL, '2023-03-09 01:28:54', NULL, 0);
INSERT INTO `sys_oper_log` VALUES (1633520195910942722, '用户管理', 'EXPORT', 'com.eldpepar.controller.SysUserController.list()', 'GET', 'MANAGE', 'admin', '', '/admin/system/sysUser/1/5', '0:0:0:0:0:0:0:1', '', '{\"code\":200,\"data\":{\"current\":1,\"hitCount\":false,\"optimizeCountSql\":true,\"orders\":[],\"pages\":2,\"records\":[{\"createTime\":1678281757000,\"id\":\"1633458199165333506\",\"isDeleted\":0,\"name\":\"赵六6666\",\"param\":{},\"password\":\"e10adc3949ba59abbe56e057f20f883e\",\"phone\":\"12414141241\",\"updateTime\":1678281757000,\"username\":\"赵六\"},{\"createTime\":1678192624000,\"headUrl\":\"https://www.eldpepar.com/favicon.ico\",\"id\":\"9\",\"isDeleted\":0,\"name\":\"王五\",\"param\":{},\"password\":\"e10adc3949ba59abbe56e057f20f883e\",\"phone\":\"13030504054\",\"postId\":6,\"status\":1,\"updateTime\":1678253461000,\"username\":\"wangwu\"},{\"createTime\":1678192586000,\"headUrl\":\"https://www.eldpepar.com/favicon.ico\",\"id\":\"6\",\"isDeleted\":0,\"name\":\"李刚\",\"param\":{},\"password\":\"e10adc3949ba59abbe56e057f20f883e\",\"phone\":\"13030504054\",\"postId\":6,\"status\":1,\"updateTime\":1678253724000,\"username\":\"ligang\"},{\"createTime\":1678192406000,\"headUrl\":\"https://www.eldpepar.com/favicon.ico\",\"id\":\"4\",\"isDeleted\":0,\"name\":\"王刚\",\"param\":{},\"password\":\"e10adc3949ba59abbe56e057f20f883e\",\"phone\":\"13030504054\",\"postId\":7,\"status\":1,\"updateTime\":1678253714000,\"username\":\"wanggang\"},{\"createTime\":1644287738000,\"deptId\":1022,\"headUrl\":\"http://r61cnlsfq.hn-bkt.clouddn.com/b09b3467-3d99-437a-bd2e-dd8c9be92bb8\",\"id\":\"2\",\"isDeleted\":0,\"name\":\"王倩倩\",\"param\":{},\"password\":\"e10adc3949ba59abbe56e057f20f883e\",\"phone\":\"15010546381\",\"postId\":6,\"status\":1,\"updateTime\":1678253452000,\"username\":\"wangqq\"}],\"searchCount\":true,\"size\":5,\"total\":6},\"message\":\"成功\"}', 1, '', NULL, '2023-03-09 01:28:58', NULL, 0);
INSERT INTO `sys_oper_log` VALUES (1633520201082519553, '用户管理', 'EXPORT', 'com.eldpepar.controller.SysUserController.list()', 'GET', 'MANAGE', 'admin', '', '/admin/system/sysUser/1/5', '0:0:0:0:0:0:0:1', '', '{\"code\":200,\"data\":{\"current\":1,\"hitCount\":false,\"optimizeCountSql\":true,\"orders\":[],\"pages\":2,\"records\":[{\"createTime\":1678281757000,\"id\":\"1633458199165333506\",\"isDeleted\":0,\"name\":\"赵六6666\",\"param\":{},\"password\":\"e10adc3949ba59abbe56e057f20f883e\",\"phone\":\"12414141241\",\"updateTime\":1678281757000,\"username\":\"赵六\"},{\"createTime\":1678192624000,\"headUrl\":\"https://www.eldpepar.com/favicon.ico\",\"id\":\"9\",\"isDeleted\":0,\"name\":\"王五\",\"param\":{},\"password\":\"e10adc3949ba59abbe56e057f20f883e\",\"phone\":\"13030504054\",\"postId\":6,\"status\":1,\"updateTime\":1678253461000,\"username\":\"wangwu\"},{\"createTime\":1678192586000,\"headUrl\":\"https://www.eldpepar.com/favicon.ico\",\"id\":\"6\",\"isDeleted\":0,\"name\":\"李刚\",\"param\":{},\"password\":\"e10adc3949ba59abbe56e057f20f883e\",\"phone\":\"13030504054\",\"postId\":6,\"status\":1,\"updateTime\":1678253724000,\"username\":\"ligang\"},{\"createTime\":1678192406000,\"headUrl\":\"https://www.eldpepar.com/favicon.ico\",\"id\":\"4\",\"isDeleted\":0,\"name\":\"王刚\",\"param\":{},\"password\":\"e10adc3949ba59abbe56e057f20f883e\",\"phone\":\"13030504054\",\"postId\":7,\"status\":1,\"updateTime\":1678253714000,\"username\":\"wanggang\"},{\"createTime\":1644287738000,\"deptId\":1022,\"headUrl\":\"http://r61cnlsfq.hn-bkt.clouddn.com/b09b3467-3d99-437a-bd2e-dd8c9be92bb8\",\"id\":\"2\",\"isDeleted\":0,\"name\":\"王倩倩\",\"param\":{},\"password\":\"e10adc3949ba59abbe56e057f20f883e\",\"phone\":\"15010546381\",\"postId\":6,\"status\":1,\"updateTime\":1678253452000,\"username\":\"wangqq\"}],\"searchCount\":true,\"size\":5,\"total\":6},\"message\":\"成功\"}', 1, '', NULL, '2023-03-09 01:28:59', NULL, 0);
INSERT INTO `sys_oper_log` VALUES (1633520459652972546, '角色管理', 'EXPORT', 'com.eldpepar.controller.SysRoleController.findPageQueryRole()', 'GET', 'MANAGE', 'admin', '', '/admin/system/sysRole/1/8', '127.0.0.1', '', '{\"code\":200,\"data\":{\"current\":1,\"hitCount\":false,\"optimizeCountSql\":true,\"orders\":[],\"pages\":1,\"records\":[{\"createTime\":1678280368000,\"id\":\"1633452371360260097\",\"isDeleted\":0,\"param\":{},\"roleCode\":\"dddd\",\"roleName\":\"大明的大狗\",\"updateTime\":1678280368000},{\"createTime\":1678280355000,\"id\":\"1633452320386883585\",\"isDeleted\":0,\"param\":{},\"roleCode\":\"DDDDD\",\"roleName\":\"大明的小狗\",\"updateTime\":1678280355000},{\"createTime\":1678186937000,\"id\":\"1633060493272018946\",\"isDeleted\":0,\"param\":{},\"roleCode\":\"ROLD\",\"roleName\":\"理想Rone\",\"updateTime\":1678186937000},{\"createTime\":1678180134000,\"id\":\"1633031960705241090\",\"isDeleted\":0,\"param\":{},\"roleCode\":\"DOG\",\"roleName\":\"小黄的狗\",\"updateTime\":1678186905000},{\"createTime\":1678178926000,\"id\":\"1633026894292254722\",\"isDeleted\":0,\"param\":{},\"roleCode\":\"ROEL\",\"roleName\":\"大明的狗\",\"updateTime\":1678186901000},{\"createTime\":1654681144000,\"id\":\"8\",\"isDeleted\":0,\"param\":{},\"roleCode\":\"USER_MANAGER\",\"roleName\":\"用户管理员\",\"updateTime\":1654681144000},{\"createTime\":1622507920000,\"description\":\"普通管理员\",\"id\":\"2\",\"isDeleted\":0,\"param\":{},\"roleCode\":\"COMMON\",\"roleName\":\"普通管理员\",\"updateTime\":1678169683000},{\"createTime\":1622455758000,\"description\":\"系统管理员\",\"id\":\"1\",\"isDeleted\":0,\"param\":{},\"roleCode\":\"SYSTEM\",\"roleName\":\"系统管理员\",\"updateTime\":1678178137000}],\"searchCount\":true,\"size\":8,\"total\":8},\"message\":\"成功\"}', 1, '', NULL, '2023-03-09 01:30:01', NULL, 0);
INSERT INTO `sys_oper_log` VALUES (1633520460642828289, '角色管理', 'EXPORT', 'com.eldpepar.controller.SysRoleController.findPageQueryRole()', 'GET', 'MANAGE', 'admin', '', '/admin/system/sysRole/1/8', '127.0.0.1', '', '{\"code\":200,\"data\":{\"current\":1,\"hitCount\":false,\"optimizeCountSql\":true,\"orders\":[],\"pages\":1,\"records\":[{\"createTime\":1678280368000,\"id\":\"1633452371360260097\",\"isDeleted\":0,\"param\":{},\"roleCode\":\"dddd\",\"roleName\":\"大明的大狗\",\"updateTime\":1678280368000},{\"createTime\":1678280355000,\"id\":\"1633452320386883585\",\"isDeleted\":0,\"param\":{},\"roleCode\":\"DDDDD\",\"roleName\":\"大明的小狗\",\"updateTime\":1678280355000},{\"createTime\":1678186937000,\"id\":\"1633060493272018946\",\"isDeleted\":0,\"param\":{},\"roleCode\":\"ROLD\",\"roleName\":\"理想Rone\",\"updateTime\":1678186937000},{\"createTime\":1678180134000,\"id\":\"1633031960705241090\",\"isDeleted\":0,\"param\":{},\"roleCode\":\"DOG\",\"roleName\":\"小黄的狗\",\"updateTime\":1678186905000},{\"createTime\":1678178926000,\"id\":\"1633026894292254722\",\"isDeleted\":0,\"param\":{},\"roleCode\":\"ROEL\",\"roleName\":\"大明的狗\",\"updateTime\":1678186901000},{\"createTime\":1654681144000,\"id\":\"8\",\"isDeleted\":0,\"param\":{},\"roleCode\":\"USER_MANAGER\",\"roleName\":\"用户管理员\",\"updateTime\":1654681144000},{\"createTime\":1622507920000,\"description\":\"普通管理员\",\"id\":\"2\",\"isDeleted\":0,\"param\":{},\"roleCode\":\"COMMON\",\"roleName\":\"普通管理员\",\"updateTime\":1678169683000},{\"createTime\":1622455758000,\"description\":\"系统管理员\",\"id\":\"1\",\"isDeleted\":0,\"param\":{},\"roleCode\":\"SYSTEM\",\"roleName\":\"系统管理员\",\"updateTime\":1678178137000}],\"searchCount\":true,\"size\":8,\"total\":8},\"message\":\"成功\"}', 1, '', NULL, '2023-03-09 01:30:01', NULL, 0);
INSERT INTO `sys_oper_log` VALUES (1633520481551433730, '角色管理', 'EXPORT', 'com.eldpepar.controller.SysRoleController.findPageQueryRole()', 'GET', 'MANAGE', 'admin', '', '/admin/system/sysRole/1/8', '127.0.0.1', '', '{\"code\":200,\"data\":{\"current\":1,\"hitCount\":false,\"optimizeCountSql\":true,\"orders\":[],\"pages\":1,\"records\":[{\"createTime\":1678280368000,\"id\":\"1633452371360260097\",\"isDeleted\":0,\"param\":{},\"roleCode\":\"dddd\",\"roleName\":\"大明的大狗\",\"updateTime\":1678280368000},{\"createTime\":1678280355000,\"id\":\"1633452320386883585\",\"isDeleted\":0,\"param\":{},\"roleCode\":\"DDDDD\",\"roleName\":\"大明的小狗\",\"updateTime\":1678280355000},{\"createTime\":1678186937000,\"id\":\"1633060493272018946\",\"isDeleted\":0,\"param\":{},\"roleCode\":\"ROLD\",\"roleName\":\"理想Rone\",\"updateTime\":1678186937000},{\"createTime\":1678180134000,\"id\":\"1633031960705241090\",\"isDeleted\":0,\"param\":{},\"roleCode\":\"DOG\",\"roleName\":\"小黄的狗\",\"updateTime\":1678186905000},{\"createTime\":1678178926000,\"id\":\"1633026894292254722\",\"isDeleted\":0,\"param\":{},\"roleCode\":\"ROEL\",\"roleName\":\"大明的狗\",\"updateTime\":1678186901000},{\"createTime\":1654681144000,\"id\":\"8\",\"isDeleted\":0,\"param\":{},\"roleCode\":\"USER_MANAGER\",\"roleName\":\"用户管理员\",\"updateTime\":1654681144000},{\"createTime\":1622507920000,\"description\":\"普通管理员\",\"id\":\"2\",\"isDeleted\":0,\"param\":{},\"roleCode\":\"COMMON\",\"roleName\":\"普通管理员\",\"updateTime\":1678169683000},{\"createTime\":1622455758000,\"description\":\"系统管理员\",\"id\":\"1\",\"isDeleted\":0,\"param\":{},\"roleCode\":\"SYSTEM\",\"roleName\":\"系统管理员\",\"updateTime\":1678178137000}],\"searchCount\":true,\"size\":8,\"total\":8},\"message\":\"成功\"}', 1, '', NULL, '2023-03-09 01:30:06', NULL, 0);
INSERT INTO `sys_oper_log` VALUES (1633520483191406594, '角色管理', 'EXPORT', 'com.eldpepar.controller.SysRoleController.findPageQueryRole()', 'GET', 'MANAGE', 'admin', '', '/admin/system/sysRole/1/8', '127.0.0.1', '', '{\"code\":200,\"data\":{\"current\":1,\"hitCount\":false,\"optimizeCountSql\":true,\"orders\":[],\"pages\":1,\"records\":[{\"createTime\":1678280368000,\"id\":\"1633452371360260097\",\"isDeleted\":0,\"param\":{},\"roleCode\":\"dddd\",\"roleName\":\"大明的大狗\",\"updateTime\":1678280368000},{\"createTime\":1678280355000,\"id\":\"1633452320386883585\",\"isDeleted\":0,\"param\":{},\"roleCode\":\"DDDDD\",\"roleName\":\"大明的小狗\",\"updateTime\":1678280355000},{\"createTime\":1678186937000,\"id\":\"1633060493272018946\",\"isDeleted\":0,\"param\":{},\"roleCode\":\"ROLD\",\"roleName\":\"理想Rone\",\"updateTime\":1678186937000},{\"createTime\":1678180134000,\"id\":\"1633031960705241090\",\"isDeleted\":0,\"param\":{},\"roleCode\":\"DOG\",\"roleName\":\"小黄的狗\",\"updateTime\":1678186905000},{\"createTime\":1678178926000,\"id\":\"1633026894292254722\",\"isDeleted\":0,\"param\":{},\"roleCode\":\"ROEL\",\"roleName\":\"大明的狗\",\"updateTime\":1678186901000},{\"createTime\":1654681144000,\"id\":\"8\",\"isDeleted\":0,\"param\":{},\"roleCode\":\"USER_MANAGER\",\"roleName\":\"用户管理员\",\"updateTime\":1654681144000},{\"createTime\":1622507920000,\"description\":\"普通管理员\",\"id\":\"2\",\"isDeleted\":0,\"param\":{},\"roleCode\":\"COMMON\",\"roleName\":\"普通管理员\",\"updateTime\":1678169683000},{\"createTime\":1622455758000,\"description\":\"系统管理员\",\"id\":\"1\",\"isDeleted\":0,\"param\":{},\"roleCode\":\"SYSTEM\",\"roleName\":\"系统管理员\",\"updateTime\":1678178137000}],\"searchCount\":true,\"size\":8,\"total\":8},\"message\":\"成功\"}', 1, '', NULL, '2023-03-09 01:30:07', NULL, 0);
INSERT INTO `sys_oper_log` VALUES (1633520544608600066, '用户管理', 'EXPORT', 'com.eldpepar.controller.SysUserController.list()', 'GET', 'MANAGE', 'admin', '', '/admin/system/sysUser/1/8', '127.0.0.1', '', '{\"code\":200,\"data\":{\"current\":1,\"hitCount\":false,\"optimizeCountSql\":true,\"orders\":[],\"pages\":1,\"records\":[{\"createTime\":1678281757000,\"id\":\"1633458199165333506\",\"isDeleted\":0,\"name\":\"赵六6666\",\"param\":{},\"password\":\"e10adc3949ba59abbe56e057f20f883e\",\"phone\":\"12414141241\",\"updateTime\":1678281757000,\"username\":\"赵六\"},{\"createTime\":1678192624000,\"headUrl\":\"https://www.eldpepar.com/favicon.ico\",\"id\":\"9\",\"isDeleted\":0,\"name\":\"王五\",\"param\":{},\"password\":\"e10adc3949ba59abbe56e057f20f883e\",\"phone\":\"13030504054\",\"postId\":6,\"status\":1,\"updateTime\":1678253461000,\"username\":\"wangwu\"},{\"createTime\":1678192586000,\"headUrl\":\"https://www.eldpepar.com/favicon.ico\",\"id\":\"6\",\"isDeleted\":0,\"name\":\"李刚\",\"param\":{},\"password\":\"e10adc3949ba59abbe56e057f20f883e\",\"phone\":\"13030504054\",\"postId\":6,\"status\":1,\"updateTime\":1678253724000,\"username\":\"ligang\"},{\"createTime\":1678192406000,\"headUrl\":\"https://www.eldpepar.com/favicon.ico\",\"id\":\"4\",\"isDeleted\":0,\"name\":\"王刚\",\"param\":{},\"password\":\"e10adc3949ba59abbe56e057f20f883e\",\"phone\":\"13030504054\",\"postId\":7,\"status\":1,\"updateTime\":1678253714000,\"username\":\"wanggang\"},{\"createTime\":1644287738000,\"deptId\":1022,\"headUrl\":\"http://r61cnlsfq.hn-bkt.clouddn.com/b09b3467-3d99-437a-bd2e-dd8c9be92bb8\",\"id\":\"2\",\"isDeleted\":0,\"name\":\"王倩倩\",\"param\":{},\"password\":\"e10adc3949ba59abbe56e057f20f883e\",\"phone\":\"15010546381\",\"postId\":6,\"status\":1,\"updateTime\":1678253452000,\"username\":\"wangqq\"},{\"createTime\":1622455723000,\"deptId\":1021,\"headUrl\":\"http://r61cnlsfq.hn-bkt.clouddn.com/7daa4595-dfde-45da-8513-c5c2b81d20cc\",\"id\":\"1\",\"isDeleted\":0,\"name\":\"admin\",\"param\":{},\"password\":\"e10adc3949ba59abbe56e057f20f883e\",\"phone\":\"15099909888\",\"postId\":5,\"status\":1,\"updateTime\":1678253450000,\"username\":\"admin\"}],\"searchCount\":true,\"size\":8,\"total\":6},\"message\":\"成功\"}', 1, '', NULL, '2023-03-09 01:30:21', NULL, 0);
INSERT INTO `sys_oper_log` VALUES (1633520696882806785, '用户管理', 'IMPORT', 'com.eldpepar.controller.SysUserController.save()', 'POST', 'MANAGE', 'admin', '', '/admin/system/sysUser/save', '127.0.0.1', '{\"password\":\"e10adc3949ba59abbe56e057f20f883e\",\"param\":{},\"phone\":\"1234564644\",\"name\":\"王二狗的猫\",\"id\":\"1633520696752783361\",\"username\":\"王二狗\"}', '{\"code\":200,\"message\":\"成功\"}', 1, '', NULL, '2023-03-09 01:30:58', NULL, 0);
INSERT INTO `sys_oper_log` VALUES (1633520697801359362, '用户管理', 'EXPORT', 'com.eldpepar.controller.SysUserController.list()', 'GET', 'MANAGE', 'admin', '', '/admin/system/sysUser/1/8', '127.0.0.1', '', '{\"code\":200,\"data\":{\"current\":1,\"hitCount\":false,\"optimizeCountSql\":true,\"orders\":[],\"pages\":1,\"records\":[{\"createTime\":1678296658000,\"id\":\"1633520696752783361\",\"isDeleted\":0,\"name\":\"王二狗的猫\",\"param\":{},\"password\":\"e10adc3949ba59abbe56e057f20f883e\",\"phone\":\"1234564644\",\"updateTime\":1678296658000,\"username\":\"王二狗\"},{\"createTime\":1678281757000,\"id\":\"1633458199165333506\",\"isDeleted\":0,\"name\":\"赵六6666\",\"param\":{},\"password\":\"e10adc3949ba59abbe56e057f20f883e\",\"phone\":\"12414141241\",\"updateTime\":1678281757000,\"username\":\"赵六\"},{\"createTime\":1678192624000,\"headUrl\":\"https://www.eldpepar.com/favicon.ico\",\"id\":\"9\",\"isDeleted\":0,\"name\":\"王五\",\"param\":{},\"password\":\"e10adc3949ba59abbe56e057f20f883e\",\"phone\":\"13030504054\",\"postId\":6,\"status\":1,\"updateTime\":1678253461000,\"username\":\"wangwu\"},{\"createTime\":1678192586000,\"headUrl\":\"https://www.eldpepar.com/favicon.ico\",\"id\":\"6\",\"isDeleted\":0,\"name\":\"李刚\",\"param\":{},\"password\":\"e10adc3949ba59abbe56e057f20f883e\",\"phone\":\"13030504054\",\"postId\":6,\"status\":1,\"updateTime\":1678253724000,\"username\":\"ligang\"},{\"createTime\":1678192406000,\"headUrl\":\"https://www.eldpepar.com/favicon.ico\",\"id\":\"4\",\"isDeleted\":0,\"name\":\"王刚\",\"param\":{},\"password\":\"e10adc3949ba59abbe56e057f20f883e\",\"phone\":\"13030504054\",\"postId\":7,\"status\":1,\"updateTime\":1678253714000,\"username\":\"wanggang\"},{\"createTime\":1644287738000,\"deptId\":1022,\"headUrl\":\"http://r61cnlsfq.hn-bkt.clouddn.com/b09b3467-3d99-437a-bd2e-dd8c9be92bb8\",\"id\":\"2\",\"isDeleted\":0,\"name\":\"王倩倩\",\"param\":{},\"password\":\"e10adc3949ba59abbe56e057f20f883e\",\"phone\":\"15010546381\",\"postId\":6,\"status\":1,\"updateTime\":1678253452000,\"username\":\"wangqq\"},{\"createTime\":1622455723000,\"deptId\":1021,\"headUrl\":\"http://r61cnlsfq.hn-bkt.clouddn.com/7daa4595-dfde-45da-8513-c5c2b81d20cc\",\"id\":\"1\",\"isDeleted\":0,\"name\":\"admin\",\"param\":{},\"password\":\"e10adc3949ba59abbe56e057f20f883e\",\"phone\":\"15099909888\",\"postId\":5,\"status\":1,\"updateTime\":1678253450000,\"username\":\"admin\"}],\"searchCount\":true,\"size\":8,\"total\":7},\"message\":\"成功\"}', 1, '', NULL, '2023-03-09 01:30:58', NULL, 0);
INSERT INTO `sys_oper_log` VALUES (1633520875249778690, '用户管理', 'UPDATE', 'com.eldpepar.controller.SysUserController.updateStatus()', 'GET', 'MANAGE', 'admin', '', '/admin/system/sysUser/updateStatus/1633458199165333506/1', '127.0.0.1', '', '{\"code\":200,\"message\":\"成功\"}', 1, '', NULL, '2023-03-09 01:31:40', NULL, 0);
INSERT INTO `sys_oper_log` VALUES (1633520876818448386, '用户管理', 'EXPORT', 'com.eldpepar.controller.SysUserController.list()', 'GET', 'MANAGE', 'admin', '', '/admin/system/sysUser/1/8', '127.0.0.1', '', '{\"code\":200,\"data\":{\"current\":1,\"hitCount\":false,\"optimizeCountSql\":true,\"orders\":[],\"pages\":1,\"records\":[{\"createTime\":1678296658000,\"id\":\"1633520696752783361\",\"isDeleted\":0,\"name\":\"王二狗的猫\",\"param\":{},\"password\":\"e10adc3949ba59abbe56e057f20f883e\",\"phone\":\"1234564644\",\"updateTime\":1678296658000,\"username\":\"王二狗\"},{\"createTime\":1678281757000,\"id\":\"1633458199165333506\",\"isDeleted\":0,\"name\":\"赵六6666\",\"param\":{},\"password\":\"e10adc3949ba59abbe56e057f20f883e\",\"phone\":\"12414141241\",\"status\":1,\"updateTime\":1678281757000,\"username\":\"赵六\"},{\"createTime\":1678192624000,\"headUrl\":\"https://www.eldpepar.com/favicon.ico\",\"id\":\"9\",\"isDeleted\":0,\"name\":\"王五\",\"param\":{},\"password\":\"e10adc3949ba59abbe56e057f20f883e\",\"phone\":\"13030504054\",\"postId\":6,\"status\":1,\"updateTime\":1678253461000,\"username\":\"wangwu\"},{\"createTime\":1678192586000,\"headUrl\":\"https://www.eldpepar.com/favicon.ico\",\"id\":\"6\",\"isDeleted\":0,\"name\":\"李刚\",\"param\":{},\"password\":\"e10adc3949ba59abbe56e057f20f883e\",\"phone\":\"13030504054\",\"postId\":6,\"status\":1,\"updateTime\":1678253724000,\"username\":\"ligang\"},{\"createTime\":1678192406000,\"headUrl\":\"https://www.eldpepar.com/favicon.ico\",\"id\":\"4\",\"isDeleted\":0,\"name\":\"王刚\",\"param\":{},\"password\":\"e10adc3949ba59abbe56e057f20f883e\",\"phone\":\"13030504054\",\"postId\":7,\"status\":1,\"updateTime\":1678253714000,\"username\":\"wanggang\"},{\"createTime\":1644287738000,\"deptId\":1022,\"headUrl\":\"http://r61cnlsfq.hn-bkt.clouddn.com/b09b3467-3d99-437a-bd2e-dd8c9be92bb8\",\"id\":\"2\",\"isDeleted\":0,\"name\":\"王倩倩\",\"param\":{},\"password\":\"e10adc3949ba59abbe56e057f20f883e\",\"phone\":\"15010546381\",\"postId\":6,\"status\":1,\"updateTime\":1678253452000,\"username\":\"wangqq\"},{\"createTime\":1622455723000,\"deptId\":1021,\"headUrl\":\"http://r61cnlsfq.hn-bkt.clouddn.com/7daa4595-dfde-45da-8513-c5c2b81d20cc\",\"id\":\"1\",\"isDeleted\":0,\"name\":\"admin\",\"param\":{},\"password\":\"e10adc3949ba59abbe56e057f20f883e\",\"phone\":\"15099909888\",\"postId\":5,\"status\":1,\"updateTime\":1678253450000,\"username\":\"admin\"}],\"searchCount\":true,\"size\":8,\"total\":7},\"message\":\"成功\"}', 1, '', NULL, '2023-03-09 01:31:41', NULL, 0);
INSERT INTO `sys_oper_log` VALUES (1633520881159553026, '用户管理', 'UPDATE', 'com.eldpepar.controller.SysUserController.updateStatus()', 'GET', 'MANAGE', 'admin', '', '/admin/system/sysUser/updateStatus/1633520696752783361/1', '127.0.0.1', '', '{\"code\":200,\"message\":\"成功\"}', 1, '', NULL, '2023-03-09 01:31:42', NULL, 0);
INSERT INTO `sys_oper_log` VALUES (1633656587475402753, '角色管理', 'EXPORT', 'com.eldpepar.controller.SysRoleController.findPageQueryRole()', 'GET', 'MANAGE', 'admin', '', '/admin/system/sysRole/1/8', '127.0.0.1', '', '{\"code\":200,\"data\":{\"current\":1,\"hitCount\":false,\"optimizeCountSql\":true,\"orders\":[],\"pages\":1,\"records\":[{\"createTime\":1678280368000,\"id\":\"1633452371360260097\",\"isDeleted\":0,\"param\":{},\"roleCode\":\"dddd\",\"roleName\":\"大明的大狗\",\"updateTime\":1678280368000},{\"createTime\":1678280355000,\"id\":\"1633452320386883585\",\"isDeleted\":0,\"param\":{},\"roleCode\":\"DDDDD\",\"roleName\":\"大明的小狗\",\"updateTime\":1678280355000},{\"createTime\":1678186937000,\"id\":\"1633060493272018946\",\"isDeleted\":0,\"param\":{},\"roleCode\":\"ROLD\",\"roleName\":\"理想Rone\",\"updateTime\":1678186937000},{\"createTime\":1678180134000,\"id\":\"1633031960705241090\",\"isDeleted\":0,\"param\":{},\"roleCode\":\"DOG\",\"roleName\":\"小黄的狗\",\"updateTime\":1678186905000},{\"createTime\":1678178926000,\"id\":\"1633026894292254722\",\"isDeleted\":0,\"param\":{},\"roleCode\":\"ROEL\",\"roleName\":\"大明的狗\",\"updateTime\":1678186901000},{\"createTime\":1654681144000,\"id\":\"8\",\"isDeleted\":0,\"param\":{},\"roleCode\":\"USER_MANAGER\",\"roleName\":\"用户管理员\",\"updateTime\":1654681144000},{\"createTime\":1622507920000,\"description\":\"普通管理员\",\"id\":\"2\",\"isDeleted\":0,\"param\":{},\"roleCode\":\"COMMON\",\"roleName\":\"普通管理员\",\"updateTime\":1678169683000},{\"createTime\":1622455758000,\"description\":\"系统管理员\",\"id\":\"1\",\"isDeleted\":0,\"param\":{},\"roleCode\":\"SYSTEM\",\"roleName\":\"系统管理员\",\"updateTime\":1678178137000}],\"searchCount\":true,\"size\":8,\"total\":8},\"message\":\"成功\"}', 1, '', NULL, '2023-03-09 10:30:57', NULL, 0);
INSERT INTO `sys_oper_log` VALUES (1633656588591087618, '角色管理', 'EXPORT', 'com.eldpepar.controller.SysRoleController.findPageQueryRole()', 'GET', 'MANAGE', 'admin', '', '/admin/system/sysRole/1/8', '127.0.0.1', '', '{\"code\":200,\"data\":{\"current\":1,\"hitCount\":false,\"optimizeCountSql\":true,\"orders\":[],\"pages\":1,\"records\":[{\"createTime\":1678280368000,\"id\":\"1633452371360260097\",\"isDeleted\":0,\"param\":{},\"roleCode\":\"dddd\",\"roleName\":\"大明的大狗\",\"updateTime\":1678280368000},{\"createTime\":1678280355000,\"id\":\"1633452320386883585\",\"isDeleted\":0,\"param\":{},\"roleCode\":\"DDDDD\",\"roleName\":\"大明的小狗\",\"updateTime\":1678280355000},{\"createTime\":1678186937000,\"id\":\"1633060493272018946\",\"isDeleted\":0,\"param\":{},\"roleCode\":\"ROLD\",\"roleName\":\"理想Rone\",\"updateTime\":1678186937000},{\"createTime\":1678180134000,\"id\":\"1633031960705241090\",\"isDeleted\":0,\"param\":{},\"roleCode\":\"DOG\",\"roleName\":\"小黄的狗\",\"updateTime\":1678186905000},{\"createTime\":1678178926000,\"id\":\"1633026894292254722\",\"isDeleted\":0,\"param\":{},\"roleCode\":\"ROEL\",\"roleName\":\"大明的狗\",\"updateTime\":1678186901000},{\"createTime\":1654681144000,\"id\":\"8\",\"isDeleted\":0,\"param\":{},\"roleCode\":\"USER_MANAGER\",\"roleName\":\"用户管理员\",\"updateTime\":1654681144000},{\"createTime\":1622507920000,\"description\":\"普通管理员\",\"id\":\"2\",\"isDeleted\":0,\"param\":{},\"roleCode\":\"COMMON\",\"roleName\":\"普通管理员\",\"updateTime\":1678169683000},{\"createTime\":1622455758000,\"description\":\"系统管理员\",\"id\":\"1\",\"isDeleted\":0,\"param\":{},\"roleCode\":\"SYSTEM\",\"roleName\":\"系统管理员\",\"updateTime\":1678178137000}],\"searchCount\":true,\"size\":8,\"total\":8},\"message\":\"成功\"}', 1, '', NULL, '2023-03-09 10:30:57', NULL, 0);
INSERT INTO `sys_oper_log` VALUES (1633684651743821825, '角色管理', 'EXPORT', 'com.eldpepar.controller.SysRoleController.findPageQueryRole()', 'GET', 'MANAGE', 'wangwu', '', '/admin/system/sysRole/1/8', '127.0.0.1', '', '{\"code\":200,\"data\":{\"current\":1,\"hitCount\":false,\"optimizeCountSql\":true,\"orders\":[],\"pages\":1,\"records\":[{\"createTime\":1678280368000,\"id\":\"1633452371360260097\",\"isDeleted\":0,\"param\":{},\"roleCode\":\"dddd\",\"roleName\":\"大明的大狗\",\"updateTime\":1678280368000},{\"createTime\":1678280355000,\"id\":\"1633452320386883585\",\"isDeleted\":0,\"param\":{},\"roleCode\":\"DDDDD\",\"roleName\":\"大明的小狗\",\"updateTime\":1678280355000},{\"createTime\":1678186937000,\"id\":\"1633060493272018946\",\"isDeleted\":0,\"param\":{},\"roleCode\":\"ROLD\",\"roleName\":\"理想Rone\",\"updateTime\":1678186937000},{\"createTime\":1678180134000,\"id\":\"1633031960705241090\",\"isDeleted\":0,\"param\":{},\"roleCode\":\"DOG\",\"roleName\":\"小黄的狗\",\"updateTime\":1678186905000},{\"createTime\":1678178926000,\"id\":\"1633026894292254722\",\"isDeleted\":0,\"param\":{},\"roleCode\":\"ROEL\",\"roleName\":\"大明的狗\",\"updateTime\":1678186901000},{\"createTime\":1654681144000,\"id\":\"8\",\"isDeleted\":0,\"param\":{},\"roleCode\":\"USER_MANAGER\",\"roleName\":\"用户管理员\",\"updateTime\":1654681144000},{\"createTime\":1622507920000,\"description\":\"普通管理员\",\"id\":\"2\",\"isDeleted\":0,\"param\":{},\"roleCode\":\"COMMON\",\"roleName\":\"普通管理员\",\"updateTime\":1678169683000},{\"createTime\":1622455758000,\"description\":\"系统管理员\",\"id\":\"1\",\"isDeleted\":0,\"param\":{},\"roleCode\":\"SYSTEM\",\"roleName\":\"系统管理员\",\"updateTime\":1678178137000}],\"searchCount\":true,\"size\":8,\"total\":8},\"message\":\"成功\"}', 1, '', NULL, '2023-03-09 12:22:28', NULL, 0);
INSERT INTO `sys_oper_log` VALUES (1633684653232799745, '角色管理', 'EXPORT', 'com.eldpepar.controller.SysRoleController.findPageQueryRole()', 'GET', 'MANAGE', 'wangwu', '', '/admin/system/sysRole/1/8', '127.0.0.1', '', '{\"code\":200,\"data\":{\"current\":1,\"hitCount\":false,\"optimizeCountSql\":true,\"orders\":[],\"pages\":1,\"records\":[{\"createTime\":1678280368000,\"id\":\"1633452371360260097\",\"isDeleted\":0,\"param\":{},\"roleCode\":\"dddd\",\"roleName\":\"大明的大狗\",\"updateTime\":1678280368000},{\"createTime\":1678280355000,\"id\":\"1633452320386883585\",\"isDeleted\":0,\"param\":{},\"roleCode\":\"DDDDD\",\"roleName\":\"大明的小狗\",\"updateTime\":1678280355000},{\"createTime\":1678186937000,\"id\":\"1633060493272018946\",\"isDeleted\":0,\"param\":{},\"roleCode\":\"ROLD\",\"roleName\":\"理想Rone\",\"updateTime\":1678186937000},{\"createTime\":1678180134000,\"id\":\"1633031960705241090\",\"isDeleted\":0,\"param\":{},\"roleCode\":\"DOG\",\"roleName\":\"小黄的狗\",\"updateTime\":1678186905000},{\"createTime\":1678178926000,\"id\":\"1633026894292254722\",\"isDeleted\":0,\"param\":{},\"roleCode\":\"ROEL\",\"roleName\":\"大明的狗\",\"updateTime\":1678186901000},{\"createTime\":1654681144000,\"id\":\"8\",\"isDeleted\":0,\"param\":{},\"roleCode\":\"USER_MANAGER\",\"roleName\":\"用户管理员\",\"updateTime\":1654681144000},{\"createTime\":1622507920000,\"description\":\"普通管理员\",\"id\":\"2\",\"isDeleted\":0,\"param\":{},\"roleCode\":\"COMMON\",\"roleName\":\"普通管理员\",\"updateTime\":1678169683000},{\"createTime\":1622455758000,\"description\":\"系统管理员\",\"id\":\"1\",\"isDeleted\":0,\"param\":{},\"roleCode\":\"SYSTEM\",\"roleName\":\"系统管理员\",\"updateTime\":1678178137000}],\"searchCount\":true,\"size\":8,\"total\":8},\"message\":\"成功\"}', 1, '', NULL, '2023-03-09 12:22:28', NULL, 0);
INSERT INTO `sys_oper_log` VALUES (1633684703732219906, '角色管理', 'IMPORT', 'com.eldpepar.controller.SysRoleController.saveRole()', 'POST', 'MANAGE', 'wangwu', '', '/admin/system/sysRole/save', '127.0.0.1', '{\"param\":{},\"roleCode\":\"汪汪汪\",\"roleName\":\"梧州的狗\",\"id\":\"1633684703476367361\"}', '{\"code\":200,\"message\":\"成功\"}', 1, '', NULL, '2023-03-09 12:22:40', NULL, 0);
INSERT INTO `sys_oper_log` VALUES (1633684705300889601, '角色管理', 'EXPORT', 'com.eldpepar.controller.SysRoleController.findPageQueryRole()', 'GET', 'MANAGE', 'wangwu', '', '/admin/system/sysRole/1/8', '127.0.0.1', '', '{\"code\":200,\"data\":{\"current\":1,\"hitCount\":false,\"optimizeCountSql\":true,\"orders\":[],\"pages\":2,\"records\":[{\"createTime\":1678335760000,\"id\":\"1633684703476367361\",\"isDeleted\":0,\"param\":{},\"roleCode\":\"汪汪汪\",\"roleName\":\"梧州的狗\",\"updateTime\":1678335760000},{\"createTime\":1678280368000,\"id\":\"1633452371360260097\",\"isDeleted\":0,\"param\":{},\"roleCode\":\"dddd\",\"roleName\":\"大明的大狗\",\"updateTime\":1678280368000},{\"createTime\":1678280355000,\"id\":\"1633452320386883585\",\"isDeleted\":0,\"param\":{},\"roleCode\":\"DDDDD\",\"roleName\":\"大明的小狗\",\"updateTime\":1678280355000},{\"createTime\":1678186937000,\"id\":\"1633060493272018946\",\"isDeleted\":0,\"param\":{},\"roleCode\":\"ROLD\",\"roleName\":\"理想Rone\",\"updateTime\":1678186937000},{\"createTime\":1678180134000,\"id\":\"1633031960705241090\",\"isDeleted\":0,\"param\":{},\"roleCode\":\"DOG\",\"roleName\":\"小黄的狗\",\"updateTime\":1678186905000},{\"createTime\":1678178926000,\"id\":\"1633026894292254722\",\"isDeleted\":0,\"param\":{},\"roleCode\":\"ROEL\",\"roleName\":\"大明的狗\",\"updateTime\":1678186901000},{\"createTime\":1654681144000,\"id\":\"8\",\"isDeleted\":0,\"param\":{},\"roleCode\":\"USER_MANAGER\",\"roleName\":\"用户管理员\",\"updateTime\":1654681144000},{\"createTime\":1622507920000,\"description\":\"普通管理员\",\"id\":\"2\",\"isDeleted\":0,\"param\":{},\"roleCode\":\"COMMON\",\"roleName\":\"普通管理员\",\"updateTime\":1678169683000}],\"searchCount\":true,\"size\":8,\"total\":9},\"message\":\"成功\"}', 1, '', NULL, '2023-03-09 12:22:40', NULL, 0);
INSERT INTO `sys_oper_log` VALUES (1633684706424963073, '角色管理', 'EXPORT', 'com.eldpepar.controller.SysRoleController.findPageQueryRole()', 'GET', 'MANAGE', 'wangwu', '', '/admin/system/sysRole/1/8', '127.0.0.1', '', '{\"code\":200,\"data\":{\"current\":1,\"hitCount\":false,\"optimizeCountSql\":true,\"orders\":[],\"pages\":2,\"records\":[{\"createTime\":1678335760000,\"id\":\"1633684703476367361\",\"isDeleted\":0,\"param\":{},\"roleCode\":\"汪汪汪\",\"roleName\":\"梧州的狗\",\"updateTime\":1678335760000},{\"createTime\":1678280368000,\"id\":\"1633452371360260097\",\"isDeleted\":0,\"param\":{},\"roleCode\":\"dddd\",\"roleName\":\"大明的大狗\",\"updateTime\":1678280368000},{\"createTime\":1678280355000,\"id\":\"1633452320386883585\",\"isDeleted\":0,\"param\":{},\"roleCode\":\"DDDDD\",\"roleName\":\"大明的小狗\",\"updateTime\":1678280355000},{\"createTime\":1678186937000,\"id\":\"1633060493272018946\",\"isDeleted\":0,\"param\":{},\"roleCode\":\"ROLD\",\"roleName\":\"理想Rone\",\"updateTime\":1678186937000},{\"createTime\":1678180134000,\"id\":\"1633031960705241090\",\"isDeleted\":0,\"param\":{},\"roleCode\":\"DOG\",\"roleName\":\"小黄的狗\",\"updateTime\":1678186905000},{\"createTime\":1678178926000,\"id\":\"1633026894292254722\",\"isDeleted\":0,\"param\":{},\"roleCode\":\"ROEL\",\"roleName\":\"大明的狗\",\"updateTime\":1678186901000},{\"createTime\":1654681144000,\"id\":\"8\",\"isDeleted\":0,\"param\":{},\"roleCode\":\"USER_MANAGER\",\"roleName\":\"用户管理员\",\"updateTime\":1654681144000},{\"createTime\":1622507920000,\"description\":\"普通管理员\",\"id\":\"2\",\"isDeleted\":0,\"param\":{},\"roleCode\":\"COMMON\",\"roleName\":\"普通管理员\",\"updateTime\":1678169683000}],\"searchCount\":true,\"size\":8,\"total\":9},\"message\":\"成功\"}', 1, '', NULL, '2023-03-09 12:22:41', NULL, 0);
INSERT INTO `sys_oper_log` VALUES (1633684736003194881, '角色管理', 'EXPORT', 'com.eldpepar.controller.SysRoleController.findPageQueryRole()', 'GET', 'MANAGE', 'admin', '', '/admin/system/sysRole/1/8', '127.0.0.1', '', '{\"code\":200,\"data\":{\"current\":1,\"hitCount\":false,\"optimizeCountSql\":true,\"orders\":[],\"pages\":2,\"records\":[{\"createTime\":1678335760000,\"id\":\"1633684703476367361\",\"isDeleted\":0,\"param\":{},\"roleCode\":\"汪汪汪\",\"roleName\":\"梧州的狗\",\"updateTime\":1678335760000},{\"createTime\":1678280368000,\"id\":\"1633452371360260097\",\"isDeleted\":0,\"param\":{},\"roleCode\":\"dddd\",\"roleName\":\"大明的大狗\",\"updateTime\":1678280368000},{\"createTime\":1678280355000,\"id\":\"1633452320386883585\",\"isDeleted\":0,\"param\":{},\"roleCode\":\"DDDDD\",\"roleName\":\"大明的小狗\",\"updateTime\":1678280355000},{\"createTime\":1678186937000,\"id\":\"1633060493272018946\",\"isDeleted\":0,\"param\":{},\"roleCode\":\"ROLD\",\"roleName\":\"理想Rone\",\"updateTime\":1678186937000},{\"createTime\":1678180134000,\"id\":\"1633031960705241090\",\"isDeleted\":0,\"param\":{},\"roleCode\":\"DOG\",\"roleName\":\"小黄的狗\",\"updateTime\":1678186905000},{\"createTime\":1678178926000,\"id\":\"1633026894292254722\",\"isDeleted\":0,\"param\":{},\"roleCode\":\"ROEL\",\"roleName\":\"大明的狗\",\"updateTime\":1678186901000},{\"createTime\":1654681144000,\"id\":\"8\",\"isDeleted\":0,\"param\":{},\"roleCode\":\"USER_MANAGER\",\"roleName\":\"用户管理员\",\"updateTime\":1654681144000},{\"createTime\":1622507920000,\"description\":\"普通管理员\",\"id\":\"2\",\"isDeleted\":0,\"param\":{},\"roleCode\":\"COMMON\",\"roleName\":\"普通管理员\",\"updateTime\":1678169683000}],\"searchCount\":true,\"size\":8,\"total\":9},\"message\":\"成功\"}', 1, '', NULL, '2023-03-09 12:22:48', NULL, 0);
INSERT INTO `sys_oper_log` VALUES (1633684736787529729, '角色管理', 'EXPORT', 'com.eldpepar.controller.SysRoleController.findPageQueryRole()', 'GET', 'MANAGE', 'admin', '', '/admin/system/sysRole/1/8', '127.0.0.1', '', '{\"code\":200,\"data\":{\"current\":1,\"hitCount\":false,\"optimizeCountSql\":true,\"orders\":[],\"pages\":2,\"records\":[{\"createTime\":1678335760000,\"id\":\"1633684703476367361\",\"isDeleted\":0,\"param\":{},\"roleCode\":\"汪汪汪\",\"roleName\":\"梧州的狗\",\"updateTime\":1678335760000},{\"createTime\":1678280368000,\"id\":\"1633452371360260097\",\"isDeleted\":0,\"param\":{},\"roleCode\":\"dddd\",\"roleName\":\"大明的大狗\",\"updateTime\":1678280368000},{\"createTime\":1678280355000,\"id\":\"1633452320386883585\",\"isDeleted\":0,\"param\":{},\"roleCode\":\"DDDDD\",\"roleName\":\"大明的小狗\",\"updateTime\":1678280355000},{\"createTime\":1678186937000,\"id\":\"1633060493272018946\",\"isDeleted\":0,\"param\":{},\"roleCode\":\"ROLD\",\"roleName\":\"理想Rone\",\"updateTime\":1678186937000},{\"createTime\":1678180134000,\"id\":\"1633031960705241090\",\"isDeleted\":0,\"param\":{},\"roleCode\":\"DOG\",\"roleName\":\"小黄的狗\",\"updateTime\":1678186905000},{\"createTime\":1678178926000,\"id\":\"1633026894292254722\",\"isDeleted\":0,\"param\":{},\"roleCode\":\"ROEL\",\"roleName\":\"大明的狗\",\"updateTime\":1678186901000},{\"createTime\":1654681144000,\"id\":\"8\",\"isDeleted\":0,\"param\":{},\"roleCode\":\"USER_MANAGER\",\"roleName\":\"用户管理员\",\"updateTime\":1654681144000},{\"createTime\":1622507920000,\"description\":\"普通管理员\",\"id\":\"2\",\"isDeleted\":0,\"param\":{},\"roleCode\":\"COMMON\",\"roleName\":\"普通管理员\",\"updateTime\":1678169683000}],\"searchCount\":true,\"size\":8,\"total\":9},\"message\":\"成功\"}', 1, '', NULL, '2023-03-09 12:22:48', NULL, 0);
INSERT INTO `sys_oper_log` VALUES (1633693560059641858, '角色管理', 'EXPORT', 'com.eldpepar.controller.SysRoleController.findPageQueryRole()', 'GET', 'MANAGE', 'admin', '', '/admin/system/sysRole/1/8', '127.0.0.1', '', '{\"code\":200,\"data\":{\"current\":1,\"hitCount\":false,\"optimizeCountSql\":true,\"orders\":[],\"pages\":2,\"records\":[{\"createTime\":1678335760000,\"id\":\"1633684703476367361\",\"isDeleted\":0,\"param\":{},\"roleCode\":\"汪汪汪\",\"roleName\":\"梧州的狗\",\"updateTime\":1678335760000},{\"createTime\":1678280368000,\"id\":\"1633452371360260097\",\"isDeleted\":0,\"param\":{},\"roleCode\":\"dddd\",\"roleName\":\"大明的大狗\",\"updateTime\":1678280368000},{\"createTime\":1678280355000,\"id\":\"1633452320386883585\",\"isDeleted\":0,\"param\":{},\"roleCode\":\"DDDDD\",\"roleName\":\"大明的小狗\",\"updateTime\":1678280355000},{\"createTime\":1678186937000,\"id\":\"1633060493272018946\",\"isDeleted\":0,\"param\":{},\"roleCode\":\"ROLD\",\"roleName\":\"理想Rone\",\"updateTime\":1678186937000},{\"createTime\":1678180134000,\"id\":\"1633031960705241090\",\"isDeleted\":0,\"param\":{},\"roleCode\":\"DOG\",\"roleName\":\"小黄的狗\",\"updateTime\":1678186905000},{\"createTime\":1678178926000,\"id\":\"1633026894292254722\",\"isDeleted\":0,\"param\":{},\"roleCode\":\"ROEL\",\"roleName\":\"大明的狗\",\"updateTime\":1678186901000},{\"createTime\":1654681144000,\"id\":\"8\",\"isDeleted\":0,\"param\":{},\"roleCode\":\"USER_MANAGER\",\"roleName\":\"用户管理员\",\"updateTime\":1654681144000},{\"createTime\":1622507920000,\"description\":\"普通管理员\",\"id\":\"2\",\"isDeleted\":0,\"param\":{},\"roleCode\":\"COMMON\",\"roleName\":\"普通管理员\",\"updateTime\":1678169683000}],\"searchCount\":true,\"size\":8,\"total\":9},\"message\":\"成功\"}', 1, '', NULL, '2023-03-09 12:57:51', NULL, 0);
INSERT INTO `sys_oper_log` VALUES (1633693561124995074, '角色管理', 'EXPORT', 'com.eldpepar.controller.SysRoleController.findPageQueryRole()', 'GET', 'MANAGE', 'admin', '', '/admin/system/sysRole/1/8', '127.0.0.1', '', '{\"code\":200,\"data\":{\"current\":1,\"hitCount\":false,\"optimizeCountSql\":true,\"orders\":[],\"pages\":2,\"records\":[{\"createTime\":1678335760000,\"id\":\"1633684703476367361\",\"isDeleted\":0,\"param\":{},\"roleCode\":\"汪汪汪\",\"roleName\":\"梧州的狗\",\"updateTime\":1678335760000},{\"createTime\":1678280368000,\"id\":\"1633452371360260097\",\"isDeleted\":0,\"param\":{},\"roleCode\":\"dddd\",\"roleName\":\"大明的大狗\",\"updateTime\":1678280368000},{\"createTime\":1678280355000,\"id\":\"1633452320386883585\",\"isDeleted\":0,\"param\":{},\"roleCode\":\"DDDDD\",\"roleName\":\"大明的小狗\",\"updateTime\":1678280355000},{\"createTime\":1678186937000,\"id\":\"1633060493272018946\",\"isDeleted\":0,\"param\":{},\"roleCode\":\"ROLD\",\"roleName\":\"理想Rone\",\"updateTime\":1678186937000},{\"createTime\":1678180134000,\"id\":\"1633031960705241090\",\"isDeleted\":0,\"param\":{},\"roleCode\":\"DOG\",\"roleName\":\"小黄的狗\",\"updateTime\":1678186905000},{\"createTime\":1678178926000,\"id\":\"1633026894292254722\",\"isDeleted\":0,\"param\":{},\"roleCode\":\"ROEL\",\"roleName\":\"大明的狗\",\"updateTime\":1678186901000},{\"createTime\":1654681144000,\"id\":\"8\",\"isDeleted\":0,\"param\":{},\"roleCode\":\"USER_MANAGER\",\"roleName\":\"用户管理员\",\"updateTime\":1654681144000},{\"createTime\":1622507920000,\"description\":\"普通管理员\",\"id\":\"2\",\"isDeleted\":0,\"param\":{},\"roleCode\":\"COMMON\",\"roleName\":\"普通管理员\",\"updateTime\":1678169683000}],\"searchCount\":true,\"size\":8,\"total\":9},\"message\":\"成功\"}', 1, '', NULL, '2023-03-09 12:57:52', NULL, 0);
INSERT INTO `sys_oper_log` VALUES (1633693603772678146, '角色管理', 'EXPORT', 'com.eldpepar.controller.SysRoleController.findPageQueryRole()', 'GET', 'MANAGE', 'admin', '', '/admin/system/sysRole/1/8', '127.0.0.1', '', '{\"code\":200,\"data\":{\"current\":1,\"hitCount\":false,\"optimizeCountSql\":true,\"orders\":[],\"pages\":1,\"records\":[{\"createTime\":1678335760000,\"id\":\"1633684703476367361\",\"isDeleted\":0,\"param\":{},\"roleCode\":\"汪汪汪\",\"roleName\":\"梧州的狗\",\"updateTime\":1678335760000},{\"createTime\":1678280368000,\"id\":\"1633452371360260097\",\"isDeleted\":0,\"param\":{},\"roleCode\":\"dddd\",\"roleName\":\"大明的大狗\",\"updateTime\":1678280368000},{\"createTime\":1678280355000,\"id\":\"1633452320386883585\",\"isDeleted\":0,\"param\":{},\"roleCode\":\"DDDDD\",\"roleName\":\"大明的小狗\",\"updateTime\":1678280355000},{\"createTime\":1678180134000,\"id\":\"1633031960705241090\",\"isDeleted\":0,\"param\":{},\"roleCode\":\"DOG\",\"roleName\":\"小黄的狗\",\"updateTime\":1678186905000},{\"createTime\":1678178926000,\"id\":\"1633026894292254722\",\"isDeleted\":0,\"param\":{},\"roleCode\":\"ROEL\",\"roleName\":\"大明的狗\",\"updateTime\":1678186901000}],\"searchCount\":true,\"size\":8,\"total\":5},\"message\":\"成功\"}', 1, '', NULL, '2023-03-09 12:58:02', NULL, 0);
INSERT INTO `sys_oper_log` VALUES (1633693605593006082, '角色管理', 'EXPORT', 'com.eldpepar.controller.SysRoleController.findPageQueryRole()', 'GET', 'MANAGE', 'admin', '', '/admin/system/sysRole/1/8', '127.0.0.1', '', '{\"code\":200,\"data\":{\"current\":1,\"hitCount\":false,\"optimizeCountSql\":true,\"orders\":[],\"pages\":1,\"records\":[{\"createTime\":1678335760000,\"id\":\"1633684703476367361\",\"isDeleted\":0,\"param\":{},\"roleCode\":\"汪汪汪\",\"roleName\":\"梧州的狗\",\"updateTime\":1678335760000},{\"createTime\":1678280368000,\"id\":\"1633452371360260097\",\"isDeleted\":0,\"param\":{},\"roleCode\":\"dddd\",\"roleName\":\"大明的大狗\",\"updateTime\":1678280368000},{\"createTime\":1678280355000,\"id\":\"1633452320386883585\",\"isDeleted\":0,\"param\":{},\"roleCode\":\"DDDDD\",\"roleName\":\"大明的小狗\",\"updateTime\":1678280355000},{\"createTime\":1678180134000,\"id\":\"1633031960705241090\",\"isDeleted\":0,\"param\":{},\"roleCode\":\"DOG\",\"roleName\":\"小黄的狗\",\"updateTime\":1678186905000},{\"createTime\":1678178926000,\"id\":\"1633026894292254722\",\"isDeleted\":0,\"param\":{},\"roleCode\":\"ROEL\",\"roleName\":\"大明的狗\",\"updateTime\":1678186901000}],\"searchCount\":true,\"size\":8,\"total\":5},\"message\":\"成功\"}', 1, '', NULL, '2023-03-09 12:58:02', NULL, 0);
INSERT INTO `sys_oper_log` VALUES (1633693648442015745, '角色管理', 'EXPORT', 'com.eldpepar.controller.SysRoleController.findPageQueryRole()', 'GET', 'MANAGE', 'admin', '', '/admin/system/sysRole/1/8', '127.0.0.1', '', '{\"code\":200,\"data\":{\"current\":1,\"hitCount\":false,\"optimizeCountSql\":true,\"orders\":[],\"pages\":2,\"records\":[{\"createTime\":1678335760000,\"id\":\"1633684703476367361\",\"isDeleted\":0,\"param\":{},\"roleCode\":\"汪汪汪\",\"roleName\":\"梧州的狗\",\"updateTime\":1678335760000},{\"createTime\":1678280368000,\"id\":\"1633452371360260097\",\"isDeleted\":0,\"param\":{},\"roleCode\":\"dddd\",\"roleName\":\"大明的大狗\",\"updateTime\":1678280368000},{\"createTime\":1678280355000,\"id\":\"1633452320386883585\",\"isDeleted\":0,\"param\":{},\"roleCode\":\"DDDDD\",\"roleName\":\"大明的小狗\",\"updateTime\":1678280355000},{\"createTime\":1678186937000,\"id\":\"1633060493272018946\",\"isDeleted\":0,\"param\":{},\"roleCode\":\"ROLD\",\"roleName\":\"理想Rone\",\"updateTime\":1678186937000},{\"createTime\":1678180134000,\"id\":\"1633031960705241090\",\"isDeleted\":0,\"param\":{},\"roleCode\":\"DOG\",\"roleName\":\"小黄的狗\",\"updateTime\":1678186905000},{\"createTime\":1678178926000,\"id\":\"1633026894292254722\",\"isDeleted\":0,\"param\":{},\"roleCode\":\"ROEL\",\"roleName\":\"大明的狗\",\"updateTime\":1678186901000},{\"createTime\":1654681144000,\"id\":\"8\",\"isDeleted\":0,\"param\":{},\"roleCode\":\"USER_MANAGER\",\"roleName\":\"用户管理员\",\"updateTime\":1654681144000},{\"createTime\":1622507920000,\"description\":\"普通管理员\",\"id\":\"2\",\"isDeleted\":0,\"param\":{},\"roleCode\":\"COMMON\",\"roleName\":\"普通管理员\",\"updateTime\":1678169683000}],\"searchCount\":true,\"size\":8,\"total\":9},\"message\":\"成功\"}', 1, '', NULL, '2023-03-09 12:58:13', NULL, 0);
INSERT INTO `sys_oper_log` VALUES (1633693650023268354, '角色管理', 'EXPORT', 'com.eldpepar.controller.SysRoleController.findPageQueryRole()', 'GET', 'MANAGE', 'admin', '', '/admin/system/sysRole/1/8', '127.0.0.1', '', '{\"code\":200,\"data\":{\"current\":1,\"hitCount\":false,\"optimizeCountSql\":true,\"orders\":[],\"pages\":2,\"records\":[{\"createTime\":1678335760000,\"id\":\"1633684703476367361\",\"isDeleted\":0,\"param\":{},\"roleCode\":\"汪汪汪\",\"roleName\":\"梧州的狗\",\"updateTime\":1678335760000},{\"createTime\":1678280368000,\"id\":\"1633452371360260097\",\"isDeleted\":0,\"param\":{},\"roleCode\":\"dddd\",\"roleName\":\"大明的大狗\",\"updateTime\":1678280368000},{\"createTime\":1678280355000,\"id\":\"1633452320386883585\",\"isDeleted\":0,\"param\":{},\"roleCode\":\"DDDDD\",\"roleName\":\"大明的小狗\",\"updateTime\":1678280355000},{\"createTime\":1678186937000,\"id\":\"1633060493272018946\",\"isDeleted\":0,\"param\":{},\"roleCode\":\"ROLD\",\"roleName\":\"理想Rone\",\"updateTime\":1678186937000},{\"createTime\":1678180134000,\"id\":\"1633031960705241090\",\"isDeleted\":0,\"param\":{},\"roleCode\":\"DOG\",\"roleName\":\"小黄的狗\",\"updateTime\":1678186905000},{\"createTime\":1678178926000,\"id\":\"1633026894292254722\",\"isDeleted\":0,\"param\":{},\"roleCode\":\"ROEL\",\"roleName\":\"大明的狗\",\"updateTime\":1678186901000},{\"createTime\":1654681144000,\"id\":\"8\",\"isDeleted\":0,\"param\":{},\"roleCode\":\"USER_MANAGER\",\"roleName\":\"用户管理员\",\"updateTime\":1654681144000},{\"createTime\":1622507920000,\"description\":\"普通管理员\",\"id\":\"2\",\"isDeleted\":0,\"param\":{},\"roleCode\":\"COMMON\",\"roleName\":\"普通管理员\",\"updateTime\":1678169683000}],\"searchCount\":true,\"size\":8,\"total\":9},\"message\":\"成功\"}', 1, '', NULL, '2023-03-09 12:58:13', NULL, 0);
INSERT INTO `sys_oper_log` VALUES (1633693686173974530, '角色管理', 'EXPORT', 'com.eldpepar.controller.SysRoleController.findPageQueryRole()', 'GET', 'MANAGE', 'admin', '', '/admin/system/sysRole/1/8', '127.0.0.1', '', '{\"code\":200,\"data\":{\"current\":1,\"hitCount\":false,\"optimizeCountSql\":true,\"orders\":[],\"pages\":2,\"records\":[{\"createTime\":1678335760000,\"id\":\"1633684703476367361\",\"isDeleted\":0,\"param\":{},\"roleCode\":\"汪汪汪\",\"roleName\":\"梧州的狗\",\"updateTime\":1678335760000},{\"createTime\":1678280368000,\"id\":\"1633452371360260097\",\"isDeleted\":0,\"param\":{},\"roleCode\":\"dddd\",\"roleName\":\"大明的大狗\",\"updateTime\":1678280368000},{\"createTime\":1678280355000,\"id\":\"1633452320386883585\",\"isDeleted\":0,\"param\":{},\"roleCode\":\"DDDDD\",\"roleName\":\"大明的小狗\",\"updateTime\":1678280355000},{\"createTime\":1678186937000,\"id\":\"1633060493272018946\",\"isDeleted\":0,\"param\":{},\"roleCode\":\"ROLD\",\"roleName\":\"理想Rone\",\"updateTime\":1678186937000},{\"createTime\":1678180134000,\"id\":\"1633031960705241090\",\"isDeleted\":0,\"param\":{},\"roleCode\":\"DOG\",\"roleName\":\"小黄的狗\",\"updateTime\":1678186905000},{\"createTime\":1678178926000,\"id\":\"1633026894292254722\",\"isDeleted\":0,\"param\":{},\"roleCode\":\"ROEL\",\"roleName\":\"大明的狗\",\"updateTime\":1678186901000},{\"createTime\":1654681144000,\"id\":\"8\",\"isDeleted\":0,\"param\":{},\"roleCode\":\"USER_MANAGER\",\"roleName\":\"用户管理员\",\"updateTime\":1654681144000},{\"createTime\":1622507920000,\"description\":\"普通管理员\",\"id\":\"2\",\"isDeleted\":0,\"param\":{},\"roleCode\":\"COMMON\",\"roleName\":\"普通管理员\",\"updateTime\":1678169683000}],\"searchCount\":true,\"size\":8,\"total\":9},\"message\":\"成功\"}', 1, '', NULL, '2023-03-09 12:58:22', NULL, 0);
INSERT INTO `sys_oper_log` VALUES (1633693687302242306, '角色管理', 'EXPORT', 'com.eldpepar.controller.SysRoleController.findPageQueryRole()', 'GET', 'MANAGE', 'admin', '', '/admin/system/sysRole/1/8', '127.0.0.1', '', '{\"code\":200,\"data\":{\"current\":1,\"hitCount\":false,\"optimizeCountSql\":true,\"orders\":[],\"pages\":2,\"records\":[{\"createTime\":1678335760000,\"id\":\"1633684703476367361\",\"isDeleted\":0,\"param\":{},\"roleCode\":\"汪汪汪\",\"roleName\":\"梧州的狗\",\"updateTime\":1678335760000},{\"createTime\":1678280368000,\"id\":\"1633452371360260097\",\"isDeleted\":0,\"param\":{},\"roleCode\":\"dddd\",\"roleName\":\"大明的大狗\",\"updateTime\":1678280368000},{\"createTime\":1678280355000,\"id\":\"1633452320386883585\",\"isDeleted\":0,\"param\":{},\"roleCode\":\"DDDDD\",\"roleName\":\"大明的小狗\",\"updateTime\":1678280355000},{\"createTime\":1678186937000,\"id\":\"1633060493272018946\",\"isDeleted\":0,\"param\":{},\"roleCode\":\"ROLD\",\"roleName\":\"理想Rone\",\"updateTime\":1678186937000},{\"createTime\":1678180134000,\"id\":\"1633031960705241090\",\"isDeleted\":0,\"param\":{},\"roleCode\":\"DOG\",\"roleName\":\"小黄的狗\",\"updateTime\":1678186905000},{\"createTime\":1678178926000,\"id\":\"1633026894292254722\",\"isDeleted\":0,\"param\":{},\"roleCode\":\"ROEL\",\"roleName\":\"大明的狗\",\"updateTime\":1678186901000},{\"createTime\":1654681144000,\"id\":\"8\",\"isDeleted\":0,\"param\":{},\"roleCode\":\"USER_MANAGER\",\"roleName\":\"用户管理员\",\"updateTime\":1654681144000},{\"createTime\":1622507920000,\"description\":\"普通管理员\",\"id\":\"2\",\"isDeleted\":0,\"param\":{},\"roleCode\":\"COMMON\",\"roleName\":\"普通管理员\",\"updateTime\":1678169683000}],\"searchCount\":true,\"size\":8,\"total\":9},\"message\":\"成功\"}', 1, '', NULL, '2023-03-09 12:58:22', NULL, 0);

-- ----------------------------
-- Table structure for sys_post
-- ----------------------------
DROP TABLE IF EXISTS `sys_post`;
CREATE TABLE `sys_post`  (
  `id` bigint(20) NOT NULL AUTO_INCREMENT COMMENT '岗位ID',
  `post_code` varchar(64) CHARACTER SET utf8 COLLATE utf8_general_ci NOT NULL COMMENT '岗位编码',
  `name` varchar(50) CHARACTER SET utf8 COLLATE utf8_general_ci NOT NULL DEFAULT '' COMMENT '岗位名称',
  `description` varchar(255) CHARACTER SET utf8 COLLATE utf8_general_ci NOT NULL DEFAULT '' COMMENT '描述',
  `status` tinyint(1) NOT NULL DEFAULT 1 COMMENT '状态（1正常 0停用）',
  `create_time` timestamp(0) NOT NULL DEFAULT CURRENT_TIMESTAMP(0) ON UPDATE CURRENT_TIMESTAMP(0),
  `update_time` timestamp(0) NULL DEFAULT NULL ON UPDATE CURRENT_TIMESTAMP(0),
  `is_deleted` tinyint(3) NOT NULL DEFAULT 0 COMMENT '删除标记（0:可用 1:已删除）',
  PRIMARY KEY (`id`) USING BTREE
) ENGINE = InnoDB AUTO_INCREMENT = 9 CHARACTER SET = utf8 COLLATE = utf8_general_ci COMMENT = '岗位信息表' ROW_FORMAT = Dynamic;

-- ----------------------------
-- Records of sys_post
-- ----------------------------
INSERT INTO `sys_post` VALUES (5, 'dsz', '董事长', '1', 1, '2022-05-24 10:33:53', NULL, 0);
INSERT INTO `sys_post` VALUES (6, 'zjl', '总经理', '2', 1, '2022-05-24 10:34:08', NULL, 0);
INSERT INTO `sys_post` VALUES (7, 'wz', '网咨', '', 1, '2022-05-27 08:56:41', '2022-05-27 08:56:41', 1);
INSERT INTO `sys_post` VALUES (8, 'yyzj', '运营总监', '', 1, '2022-06-08 17:14:21', NULL, 0);

-- ----------------------------
-- Table structure for sys_role
-- ----------------------------
DROP TABLE IF EXISTS `sys_role`;
CREATE TABLE `sys_role`  (
  `id` bigint(20) NOT NULL AUTO_INCREMENT COMMENT '角色id',
  `role_name` varchar(20) CHARACTER SET utf8 COLLATE utf8_general_ci NOT NULL DEFAULT '' COMMENT '角色名称',
  `role_code` varchar(20) CHARACTER SET utf8 COLLATE utf8_general_ci NULL DEFAULT NULL COMMENT '角色编码',
  `description` varchar(255) CHARACTER SET utf8 COLLATE utf8_general_ci NULL DEFAULT NULL COMMENT '描述',
  `create_time` timestamp(0) NOT NULL DEFAULT CURRENT_TIMESTAMP(0) COMMENT '创建时间',
  `update_time` timestamp(0) NOT NULL DEFAULT CURRENT_TIMESTAMP(0) ON UPDATE CURRENT_TIMESTAMP(0) COMMENT '更新时间',
  `is_deleted` tinyint(3) NOT NULL DEFAULT 0 COMMENT '删除标记（0:可用 1:已删除）',
  PRIMARY KEY (`id`) USING BTREE
) ENGINE = InnoDB AUTO_INCREMENT = 1633452371360260098 CHARACTER SET = utf8 COLLATE = utf8_general_ci COMMENT = '角色' ROW_FORMAT = Dynamic;

-- ----------------------------
-- Records of sys_role
-- ----------------------------
INSERT INTO `sys_role` VALUES (1, '系统管理员', 'SYSTEM', '系统管理员', '2021-05-31 18:09:18', '2023-03-07 16:35:37', 0);
INSERT INTO `sys_role` VALUES (2, '普通管理员', 'COMMON', '普通管理员', '2021-06-01 08:38:40', '2023-03-07 14:14:43', 0);
INSERT INTO `sys_role` VALUES (8, '用户管理员', 'USER_MANAGER', NULL, '2022-06-08 17:39:04', '2022-06-08 17:39:04', 0);
INSERT INTO `sys_role` VALUES (1632938232544219138, '测试角色', 'TEST_MANAGER', '测试角色', '2023-03-07 10:56:28', '2023-03-08 20:54:28', 1);
INSERT INTO `sys_role` VALUES (1632984319090962433, 'Eldpepar超级管理员', 'ROLE_ADMIN', 'Eldpepar', '2023-03-07 13:59:35', '2023-03-08 20:50:31', 1);
INSERT INTO `sys_role` VALUES (1633026151506182146, '大明', 'ROEL', '系统管理员', '2023-03-07 16:45:49', '2023-03-08 16:03:20', 1);
INSERT INTO `sys_role` VALUES (1633026894292254722, '大明的狗', 'ROEL', NULL, '2023-03-07 16:48:46', '2023-03-07 19:01:41', 0);
INSERT INTO `sys_role` VALUES (1633031960705241090, '小黄的狗', 'DOG', NULL, '2023-03-07 17:08:54', '2023-03-07 19:01:45', 0);
INSERT INTO `sys_role` VALUES (1633060493272018946, '理想Rone', 'ROLD', NULL, '2023-03-07 19:02:17', '2023-03-07 19:02:17', 0);
INSERT INTO `sys_role` VALUES (1633371021307465729, '尚硅谷测试', 'ATGG', NULL, '2023-03-08 15:36:12', '2023-03-08 15:52:14', 1);
INSERT INTO `sys_role` VALUES (1633452320386883585, '大明的小狗', 'DDDDD', NULL, '2023-03-08 20:59:15', '2023-03-08 20:59:15', 0);
INSERT INTO `sys_role` VALUES (1633452371360260097, '大明的大狗', 'dddd', NULL, '2023-03-08 20:59:28', '2023-03-08 20:59:28', 0);
INSERT INTO `sys_role` VALUES (1633684703476367361, '梧州的狗', '汪汪汪', NULL, '2023-03-09 12:22:40', '2023-03-09 12:22:40', 0);

-- ----------------------------
-- Table structure for sys_role_menu
-- ----------------------------
DROP TABLE IF EXISTS `sys_role_menu`;
CREATE TABLE `sys_role_menu`  (
  `id` bigint(20) NOT NULL AUTO_INCREMENT,
  `role_id` bigint(20) NOT NULL DEFAULT 0,
  `menu_id` bigint(11) NOT NULL DEFAULT 0,
  `create_time` timestamp(0) NOT NULL DEFAULT CURRENT_TIMESTAMP(0) COMMENT '创建时间',
  `update_time` timestamp(0) NOT NULL DEFAULT CURRENT_TIMESTAMP(0) ON UPDATE CURRENT_TIMESTAMP(0) COMMENT '更新时间',
  `is_deleted` tinyint(3) NOT NULL DEFAULT 0 COMMENT '删除标记（0:可用 1:已删除）',
  PRIMARY KEY (`id`) USING BTREE,
  INDEX `idx_role_id`(`role_id`) USING BTREE,
  INDEX `idx_menu_id`(`menu_id`) USING BTREE
) ENGINE = InnoDB AUTO_INCREMENT = 1633457907107557377 CHARACTER SET = utf8 COLLATE = utf8_general_ci COMMENT = '角色菜单' ROW_FORMAT = Dynamic;

-- ----------------------------
-- Records of sys_role_menu
-- ----------------------------
INSERT INTO `sys_role_menu` VALUES (1, 2, 2, '2022-06-02 16:11:27', '2022-06-02 16:16:10', 1);
INSERT INTO `sys_role_menu` VALUES (2, 2, 3, '2022-06-02 16:11:27', '2022-06-02 16:16:10', 1);
INSERT INTO `sys_role_menu` VALUES (3, 2, 6, '2022-06-02 16:11:27', '2022-06-02 16:16:10', 1);
INSERT INTO `sys_role_menu` VALUES (4, 2, 7, '2022-06-02 16:11:27', '2022-06-02 16:16:10', 1);
INSERT INTO `sys_role_menu` VALUES (5, 2, 8, '2022-06-02 16:11:27', '2022-06-02 16:16:10', 1);
INSERT INTO `sys_role_menu` VALUES (6, 2, 9, '2022-06-02 16:11:27', '2022-06-02 16:16:10', 1);
INSERT INTO `sys_role_menu` VALUES (7, 2, 18, '2022-06-02 16:11:27', '2022-06-02 16:16:10', 1);
INSERT INTO `sys_role_menu` VALUES (8, 2, 4, '2022-06-02 16:11:27', '2022-06-02 16:16:10', 1);
INSERT INTO `sys_role_menu` VALUES (9, 2, 10, '2022-06-02 16:11:27', '2022-06-02 16:16:10', 1);
INSERT INTO `sys_role_menu` VALUES (10, 2, 11, '2022-06-02 16:11:27', '2022-06-02 16:16:10', 1);
INSERT INTO `sys_role_menu` VALUES (11, 2, 12, '2022-06-02 16:11:27', '2022-06-02 16:16:10', 1);
INSERT INTO `sys_role_menu` VALUES (12, 2, 13, '2022-06-02 16:11:27', '2022-06-02 16:16:10', 1);
INSERT INTO `sys_role_menu` VALUES (13, 2, 19, '2022-06-02 16:11:27', '2022-06-02 16:16:10', 1);
INSERT INTO `sys_role_menu` VALUES (14, 2, 5, '2022-06-02 16:11:27', '2022-06-02 16:16:10', 1);
INSERT INTO `sys_role_menu` VALUES (15, 2, 14, '2022-06-02 16:11:27', '2022-06-02 16:16:10', 1);
INSERT INTO `sys_role_menu` VALUES (16, 2, 15, '2022-06-02 16:11:27', '2022-06-02 16:16:10', 1);
INSERT INTO `sys_role_menu` VALUES (17, 2, 16, '2022-06-02 16:11:27', '2022-06-02 16:16:10', 1);
INSERT INTO `sys_role_menu` VALUES (18, 2, 17, '2022-06-02 16:11:27', '2022-06-02 16:16:10', 1);
INSERT INTO `sys_role_menu` VALUES (19, 2, 2, '2022-06-02 16:16:10', '2022-06-09 09:26:34', 1);
INSERT INTO `sys_role_menu` VALUES (20, 2, 3, '2022-06-02 16:16:10', '2022-06-09 09:26:34', 1);
INSERT INTO `sys_role_menu` VALUES (21, 2, 6, '2022-06-02 16:16:10', '2022-06-09 09:26:34', 1);
INSERT INTO `sys_role_menu` VALUES (22, 2, 7, '2022-06-02 16:16:10', '2022-06-09 09:26:34', 1);
INSERT INTO `sys_role_menu` VALUES (23, 2, 8, '2022-06-02 16:16:10', '2022-06-09 09:26:34', 1);
INSERT INTO `sys_role_menu` VALUES (24, 2, 2, '2022-06-09 09:26:34', '2022-06-09 09:26:34', 0);
INSERT INTO `sys_role_menu` VALUES (25, 2, 3, '2022-06-09 09:26:34', '2022-06-09 09:26:34', 0);
INSERT INTO `sys_role_menu` VALUES (26, 2, 6, '2022-06-09 09:26:34', '2022-06-09 09:26:34', 0);
INSERT INTO `sys_role_menu` VALUES (27, 2, 7, '2022-06-09 09:26:34', '2022-06-09 09:26:34', 0);
INSERT INTO `sys_role_menu` VALUES (28, 2, 8, '2022-06-09 09:26:34', '2022-06-09 09:26:34', 0);
INSERT INTO `sys_role_menu` VALUES (29, 2, 5, '2022-06-09 09:26:34', '2022-06-09 09:26:34', 0);
INSERT INTO `sys_role_menu` VALUES (30, 2, 14, '2022-06-09 09:26:34', '2022-06-09 09:26:34', 0);
INSERT INTO `sys_role_menu` VALUES (31, 2, 20, '2022-06-09 09:26:34', '2022-06-09 09:26:34', 0);
INSERT INTO `sys_role_menu` VALUES (32, 2, 21, '2022-06-09 09:26:34', '2022-06-09 09:26:34', 0);
INSERT INTO `sys_role_menu` VALUES (1633139725360631809, 1633060493272018946, 2, '2023-03-08 00:17:07', '2023-03-08 00:17:07', 0);
INSERT INTO `sys_role_menu` VALUES (1633139725457100802, 1633060493272018946, 3, '2023-03-08 00:17:07', '2023-03-08 00:17:07', 0);
INSERT INTO `sys_role_menu` VALUES (1633139725524209666, 1633060493272018946, 6, '2023-03-08 00:17:07', '2023-03-08 00:17:07', 0);
INSERT INTO `sys_role_menu` VALUES (1633139725591318530, 1633060493272018946, 7, '2023-03-08 00:17:07', '2023-03-08 00:17:07', 0);
INSERT INTO `sys_role_menu` VALUES (1633139725654233089, 1633060493272018946, 8, '2023-03-08 00:17:07', '2023-03-08 00:17:07', 0);
INSERT INTO `sys_role_menu` VALUES (1633139725717147649, 1633060493272018946, 9, '2023-03-08 00:17:07', '2023-03-08 00:17:07', 0);
INSERT INTO `sys_role_menu` VALUES (1633139725780062210, 1633060493272018946, 18, '2023-03-08 00:17:07', '2023-03-08 00:17:07', 0);
INSERT INTO `sys_role_menu` VALUES (1633371195945701378, 1633371021307465729, 2, '2023-03-08 15:36:54', '2023-03-08 15:51:35', 1);
INSERT INTO `sys_role_menu` VALUES (1633371196017004545, 1633371021307465729, 3, '2023-03-08 15:36:54', '2023-03-08 15:51:35', 1);
INSERT INTO `sys_role_menu` VALUES (1633371196075724802, 1633371021307465729, 6, '2023-03-08 15:36:54', '2023-03-08 15:51:35', 1);
INSERT INTO `sys_role_menu` VALUES (1633371196142833665, 1633371021307465729, 8, '2023-03-08 15:36:54', '2023-03-08 15:51:35', 1);
INSERT INTO `sys_role_menu` VALUES (1633371196205748225, 1633371021307465729, 9, '2023-03-08 15:36:54', '2023-03-08 15:51:35', 1);
INSERT INTO `sys_role_menu` VALUES (1633371196205748226, 1633371021307465729, 18, '2023-03-08 15:36:54', '2023-03-08 15:51:35', 1);
INSERT INTO `sys_role_menu` VALUES (1633374891450486786, 1633371021307465729, 2, '2023-03-08 15:51:35', '2023-03-08 15:51:35', 0);
INSERT INTO `sys_role_menu` VALUES (1633374891450486787, 1633371021307465729, 3, '2023-03-08 15:51:35', '2023-03-08 15:51:35', 0);
INSERT INTO `sys_role_menu` VALUES (1633374891513401346, 1633371021307465729, 6, '2023-03-08 15:51:35', '2023-03-08 15:51:35', 0);
INSERT INTO `sys_role_menu` VALUES (1633374891513401347, 1633371021307465729, 8, '2023-03-08 15:51:35', '2023-03-08 15:51:35', 0);
INSERT INTO `sys_role_menu` VALUES (1633374891576315905, 1633371021307465729, 18, '2023-03-08 15:51:35', '2023-03-08 15:51:35', 0);
INSERT INTO `sys_role_menu` VALUES (1633445116023844865, 1633031960705241090, 2, '2023-03-08 20:30:38', '2023-03-08 20:51:12', 1);
INSERT INTO `sys_role_menu` VALUES (1633445116476829698, 1633031960705241090, 4, '2023-03-08 20:30:38', '2023-03-08 20:51:12', 1);
INSERT INTO `sys_role_menu` VALUES (1633445116543938561, 1633031960705241090, 10, '2023-03-08 20:30:38', '2023-03-08 20:51:12', 1);
INSERT INTO `sys_role_menu` VALUES (1633445116602658818, 1633031960705241090, 11, '2023-03-08 20:30:38', '2023-03-08 20:51:12', 1);
INSERT INTO `sys_role_menu` VALUES (1633445116665573378, 1633031960705241090, 19, '2023-03-08 20:30:38', '2023-03-08 20:51:12', 1);
INSERT INTO `sys_role_menu` VALUES (1633450294286422017, 1633031960705241090, 2, '2023-03-08 20:51:12', '2023-03-08 20:51:20', 1);
INSERT INTO `sys_role_menu` VALUES (1633450294319976450, 1633031960705241090, 4, '2023-03-08 20:51:12', '2023-03-08 20:51:20', 1);
INSERT INTO `sys_role_menu` VALUES (1633450294319976451, 1633031960705241090, 10, '2023-03-08 20:51:12', '2023-03-08 20:51:20', 1);
INSERT INTO `sys_role_menu` VALUES (1633450294382891009, 1633031960705241090, 11, '2023-03-08 20:51:12', '2023-03-08 20:51:20', 1);
INSERT INTO `sys_role_menu` VALUES (1633450294382891010, 1633031960705241090, 19, '2023-03-08 20:51:12', '2023-03-08 20:51:20', 1);
INSERT INTO `sys_role_menu` VALUES (1633450328327393281, 1633031960705241090, 2, '2023-03-08 20:51:20', '2023-03-08 20:52:45', 1);
INSERT INTO `sys_role_menu` VALUES (1633450328327393282, 1633031960705241090, 4, '2023-03-08 20:51:20', '2023-03-08 20:52:45', 1);
INSERT INTO `sys_role_menu` VALUES (1633450328390307841, 1633031960705241090, 10, '2023-03-08 20:51:20', '2023-03-08 20:52:45', 1);
INSERT INTO `sys_role_menu` VALUES (1633450328390307842, 1633031960705241090, 11, '2023-03-08 20:51:20', '2023-03-08 20:52:45', 1);
INSERT INTO `sys_role_menu` VALUES (1633450328457416705, 1633031960705241090, 19, '2023-03-08 20:51:21', '2023-03-08 20:52:45', 1);
INSERT INTO `sys_role_menu` VALUES (1633450682523783170, 1633031960705241090, 2, '2023-03-08 20:52:45', '2023-03-08 20:55:24', 1);
INSERT INTO `sys_role_menu` VALUES (1633450682590892033, 1633031960705241090, 4, '2023-03-08 20:52:45', '2023-03-08 20:55:24', 1);
INSERT INTO `sys_role_menu` VALUES (1633450682653806594, 1633031960705241090, 10, '2023-03-08 20:52:45', '2023-03-08 20:55:24', 1);
INSERT INTO `sys_role_menu` VALUES (1633450682720915457, 1633031960705241090, 11, '2023-03-08 20:52:45', '2023-03-08 20:55:24', 1);
INSERT INTO `sys_role_menu` VALUES (1633450682783830018, 1633031960705241090, 19, '2023-03-08 20:52:45', '2023-03-08 20:55:24', 1);
INSERT INTO `sys_role_menu` VALUES (1633451351737569281, 1633031960705241090, 2, '2023-03-08 20:55:24', '2023-03-08 20:56:06', 1);
INSERT INTO `sys_role_menu` VALUES (1633451351804678145, 1633031960705241090, 4, '2023-03-08 20:55:24', '2023-03-08 20:56:06', 1);
INSERT INTO `sys_role_menu` VALUES (1633451351867592705, 1633031960705241090, 10, '2023-03-08 20:55:25', '2023-03-08 20:56:06', 1);
INSERT INTO `sys_role_menu` VALUES (1633451351938895874, 1633031960705241090, 11, '2023-03-08 20:55:25', '2023-03-08 20:56:06', 1);
INSERT INTO `sys_role_menu` VALUES (1633451352006004737, 1633031960705241090, 19, '2023-03-08 20:55:25', '2023-03-08 20:56:06', 1);
INSERT INTO `sys_role_menu` VALUES (1633451527885754370, 1633031960705241090, 2, '2023-03-08 20:56:06', '2023-03-08 21:14:35', 1);
INSERT INTO `sys_role_menu` VALUES (1633451527948668930, 1633031960705241090, 4, '2023-03-08 20:56:06', '2023-03-08 21:14:35', 1);
INSERT INTO `sys_role_menu` VALUES (1633451528015777794, 1633031960705241090, 10, '2023-03-08 20:56:07', '2023-03-08 21:14:35', 1);
INSERT INTO `sys_role_menu` VALUES (1633451528082886657, 1633031960705241090, 11, '2023-03-08 20:56:07', '2023-03-08 21:14:35', 1);
INSERT INTO `sys_role_menu` VALUES (1633451528141606914, 1633031960705241090, 19, '2023-03-08 20:56:07', '2023-03-08 21:14:35', 1);
INSERT INTO `sys_role_menu` VALUES (1633456179381444610, 1633031960705241090, 2, '2023-03-08 21:14:35', '2023-03-08 21:21:27', 1);
INSERT INTO `sys_role_menu` VALUES (1633456179461136386, 1633031960705241090, 3, '2023-03-08 21:14:36', '2023-03-08 21:21:27', 1);
INSERT INTO `sys_role_menu` VALUES (1633456179528245249, 1633031960705241090, 6, '2023-03-08 21:14:36', '2023-03-08 21:21:27', 1);
INSERT INTO `sys_role_menu` VALUES (1633456179591159810, 1633031960705241090, 7, '2023-03-08 21:14:36', '2023-03-08 21:21:27', 1);
INSERT INTO `sys_role_menu` VALUES (1633456179658268673, 1633031960705241090, 18, '2023-03-08 21:14:36', '2023-03-08 21:21:27', 1);
INSERT INTO `sys_role_menu` VALUES (1633456179721183233, 1633031960705241090, 4, '2023-03-08 21:14:36', '2023-03-08 21:21:27', 1);
INSERT INTO `sys_role_menu` VALUES (1633456179788292098, 1633031960705241090, 10, '2023-03-08 21:14:36', '2023-03-08 21:21:27', 1);
INSERT INTO `sys_role_menu` VALUES (1633456179859595266, 1633031960705241090, 11, '2023-03-08 21:14:36', '2023-03-08 21:21:27', 1);
INSERT INTO `sys_role_menu` VALUES (1633456179914121217, 1633031960705241090, 19, '2023-03-08 21:14:36', '2023-03-08 21:21:27', 1);
INSERT INTO `sys_role_menu` VALUES (1633457906621018114, 1633031960705241090, 2, '2023-03-08 21:21:27', '2023-03-08 21:21:27', 0);
INSERT INTO `sys_role_menu` VALUES (1633457906650378242, 1633031960705241090, 3, '2023-03-08 21:21:27', '2023-03-08 21:21:27', 0);
INSERT INTO `sys_role_menu` VALUES (1633457906709098497, 1633031960705241090, 6, '2023-03-08 21:21:27', '2023-03-08 21:21:27', 0);
INSERT INTO `sys_role_menu` VALUES (1633457906805567489, 1633031960705241090, 7, '2023-03-08 21:21:27', '2023-03-08 21:21:27', 0);
INSERT INTO `sys_role_menu` VALUES (1633457906839121921, 1633031960705241090, 18, '2023-03-08 21:21:27', '2023-03-08 21:21:27', 0);
INSERT INTO `sys_role_menu` VALUES (1633457906918813697, 1633031960705241090, 4, '2023-03-08 21:21:27', '2023-03-08 21:21:27', 0);
INSERT INTO `sys_role_menu` VALUES (1633457906981728258, 1633031960705241090, 10, '2023-03-08 21:21:27', '2023-03-08 21:21:27', 0);
INSERT INTO `sys_role_menu` VALUES (1633457907061420033, 1633031960705241090, 11, '2023-03-08 21:21:27', '2023-03-08 21:21:27', 0);
INSERT INTO `sys_role_menu` VALUES (1633457907107557377, 1633031960705241090, 19, '2023-03-08 21:21:27', '2023-03-08 21:21:27', 0);

-- ----------------------------
-- Table structure for sys_user
-- ----------------------------
DROP TABLE IF EXISTS `sys_user`;
CREATE TABLE `sys_user`  (
  `id` bigint(20) NOT NULL AUTO_INCREMENT COMMENT '会员id',
  `username` varchar(20) CHARACTER SET utf8mb4 COLLATE utf8mb4_0900_ai_ci NOT NULL DEFAULT '' COMMENT '用户名',
  `password` varchar(32) CHARACTER SET utf8mb4 COLLATE utf8mb4_0900_ai_ci NOT NULL DEFAULT '' COMMENT '密码',
  `name` varchar(50) CHARACTER SET utf8mb4 COLLATE utf8mb4_0900_ai_ci NULL DEFAULT NULL COMMENT '姓名',
  `phone` varchar(11) CHARACTER SET utf8mb4 COLLATE utf8mb4_0900_ai_ci NULL DEFAULT NULL COMMENT '手机',
  `head_url` varchar(200) CHARACTER SET utf8mb4 COLLATE utf8mb4_0900_ai_ci NULL DEFAULT NULL COMMENT '头像地址',
  `dept_id` bigint(20) NULL DEFAULT NULL COMMENT '部门id',
  `post_id` bigint(20) NULL DEFAULT NULL COMMENT '岗位id',
  `description` varchar(255) CHARACTER SET utf8mb4 COLLATE utf8mb4_0900_ai_ci NULL DEFAULT NULL COMMENT '描述',
  `status` tinyint(3) NULL DEFAULT NULL COMMENT '状态（1：正常 0：停用）',
  `create_time` timestamp(0) NOT NULL DEFAULT CURRENT_TIMESTAMP(0) COMMENT '创建时间',
  `update_time` timestamp(0) NOT NULL DEFAULT CURRENT_TIMESTAMP(0) ON UPDATE CURRENT_TIMESTAMP(0) COMMENT '更新时间',
  `is_deleted` tinyint(3) NOT NULL DEFAULT 0 COMMENT '删除标记（0:可用 1:已删除）',
  PRIMARY KEY (`id`) USING BTREE,
  UNIQUE INDEX `idx_username`(`username`) USING BTREE
) ENGINE = InnoDB AUTO_INCREMENT = 1633520696752783362 CHARACTER SET = utf8mb4 COLLATE = utf8mb4_0900_ai_ci COMMENT = '用户表' ROW_FORMAT = Dynamic;

-- ----------------------------
-- Records of sys_user
-- ----------------------------
INSERT INTO `sys_user` VALUES (1, 'admin', 'e10adc3949ba59abbe56e057f20f883e', 'admin', '15099909888', 'http://r61cnlsfq.hn-bkt.clouddn.com/7daa4595-dfde-45da-8513-c5c2b81d20cc', 1021, 5, NULL, 1, '2021-05-31 18:08:43', '2023-03-08 13:30:50', 0);
INSERT INTO `sys_user` VALUES (2, 'wangqq', 'e10adc3949ba59abbe56e057f20f883e', '王倩倩', '15010546381', 'http://r61cnlsfq.hn-bkt.clouddn.com/b09b3467-3d99-437a-bd2e-dd8c9be92bb8', 1022, 6, NULL, 1, '2022-02-08 10:35:38', '2023-03-08 13:30:52', 0);
INSERT INTO `sys_user` VALUES (4, 'wanggang', 'e10adc3949ba59abbe56e057f20f883e', '王刚', '13030504054', 'https://www.eldpepar.com/favicon.ico', NULL, 7, NULL, 1, '2023-03-07 20:33:26', '2023-03-08 13:35:14', 0);
INSERT INTO `sys_user` VALUES (6, 'ligang', 'e10adc3949ba59abbe56e057f20f883e', '李刚', '13030504054', 'https://www.eldpepar.com/favicon.ico', NULL, 6, NULL, 1, '2023-03-07 20:36:26', '2023-03-08 13:35:24', 0);
INSERT INTO `sys_user` VALUES (9, 'wangwu', 'e10adc3949ba59abbe56e057f20f883e', '王五', '13030504054', 'https://www.eldpepar.com/favicon.ico', NULL, 6, NULL, 1, '2023-03-07 20:37:04', '2023-03-08 13:31:01', 0);
INSERT INTO `sys_user` VALUES (10, '李思思', 'e10adc3949ba59abbe56e057f20f883e', '121421412', 'wefwfwefw', NULL, NULL, NULL, NULL, 1, '2023-03-07 21:23:10', '2023-03-08 21:15:11', 1);
INSERT INTO `sys_user` VALUES (1633370890940108801, '尚硅谷2022', 'e10adc3949ba59abbe56e057f20f883e', '尚硅谷', '1241242132', NULL, NULL, NULL, NULL, 1, '2023-03-08 15:35:41', '2023-03-08 15:51:58', 1);
INSERT INTO `sys_user` VALUES (1633458199165333506, '赵六', 'e10adc3949ba59abbe56e057f20f883e', '赵六6666', '12414141241', NULL, NULL, NULL, NULL, 1, '2023-03-08 21:22:37', '2023-03-08 21:22:37', 0);
INSERT INTO `sys_user` VALUES (1633520696752783361, '王二狗', 'e10adc3949ba59abbe56e057f20f883e', '王二狗的猫', '1234564644', NULL, NULL, NULL, NULL, 1, '2023-03-09 01:30:58', '2023-03-09 01:30:58', 0);

-- ----------------------------
-- Table structure for sys_user_role
-- ----------------------------
DROP TABLE IF EXISTS `sys_user_role`;
CREATE TABLE `sys_user_role`  (
  `id` bigint(20) NOT NULL AUTO_INCREMENT COMMENT '主键id',
  `role_id` bigint(20) NOT NULL DEFAULT 0 COMMENT '角色id',
  `user_id` bigint(20) NOT NULL DEFAULT 0 COMMENT '用户id',
  `create_time` timestamp(0) NOT NULL DEFAULT CURRENT_TIMESTAMP(0) COMMENT '创建时间',
  `update_time` timestamp(0) NOT NULL DEFAULT CURRENT_TIMESTAMP(0) ON UPDATE CURRENT_TIMESTAMP(0) COMMENT '更新时间',
  `is_deleted` tinyint(3) NOT NULL DEFAULT 0 COMMENT '删除标记（0:可用 1:已删除）',
  PRIMARY KEY (`id`) USING BTREE,
  INDEX `idx_role_id`(`role_id`) USING BTREE,
  INDEX `idx_admin_id`(`user_id`) USING BTREE
) ENGINE = InnoDB AUTO_INCREMENT = 1633451588963209217 CHARACTER SET = utf8 COLLATE = utf8_general_ci COMMENT = '用户角色' ROW_FORMAT = Dynamic;

-- ----------------------------
-- Records of sys_user_role
-- ----------------------------
INSERT INTO `sys_user_role` VALUES (1633111518066384897, 2, 2, '2023-03-07 22:25:02', '2023-03-07 22:25:02', 0);
INSERT INTO `sys_user_role` VALUES (1633111585447878658, 1, 9, '2023-03-07 22:25:18', '2023-03-08 20:30:13', 1);
INSERT INTO `sys_user_role` VALUES (1633371090131800066, 1633371021307465729, 1633370890940108801, '2023-03-08 15:36:29', '2023-03-08 15:36:29', 0);
INSERT INTO `sys_user_role` VALUES (1633445012399370241, 1633031960705241090, 9, '2023-03-08 20:30:13', '2023-03-08 20:51:32', 1);
INSERT INTO `sys_user_role` VALUES (1633450377400750081, 1633031960705241090, 9, '2023-03-08 20:51:32', '2023-03-08 20:51:32', 0);
INSERT INTO `sys_user_role` VALUES (1633451588963209217, 1633031960705241090, 4, '2023-03-08 20:56:21', '2023-03-08 20:56:21', 0);

SET FOREIGN_KEY_CHECKS = 1;
